run_id,arm,condition,rule,unit,hp,test_acc,best_val_acc,epochs_ran,wallclock_s,chance
bptt_connectome_u00_hp0.001,bptt,connectome,backprop,0,0.001,0.0955,0.0997,40,148.7,0.0312
bptt_generic_io_u00_hp0.001,bptt,generic_io,backprop,0,0.001,0.1649,0.1787,40,68.3,0.0312
plasticity_connectome_delta_u00_hp0.1,plasticity,connectome,delta,0,0.1,0.2261,0.2321,60,1.97,0.0312
plasticity_connectome_delta_u00_hp0.3,plasticity,connectome,delta,0,0.3,0.2222,0.2298,60,1.98,0.0312
plasticity_connectome_delta_u00_hp0.5,plasticity,connectome,delta,0,0.5,0.2161,0.2243,60,1.97,0.0312
plasticity_connectome_delta_u00_hp0.9,plasticity,connectome,delta,0,0.9,0.1724,0.182,60,1.97,0.0312
plasticity_connectome_delta_u01_hp0.1,plasticity,connectome,delta,1,0.1,0.2268,0.2285,60,1.97,0.0312
plasticity_connectome_delta_u01_hp0.3,plasticity,connectome,delta,1,0.3,0.2242,0.2262,60,1.96,0.0312
plasticity_connectome_delta_u01_hp0.5,plasticity,connectome,delta,1,0.5,0.2208,0.221,60,1.96,0.0312
plasticity_connectome_delta_u01_hp0.9,plasticity,connectome,delta,1,0.9,0.181,0.1815,60,1.97,0.0312
plasticity_connectome_delta_u02_hp0.1,plasticity,connectome,delta,2,0.1,0.2314,0.2234,60,1.97,0.0312
plasticity_connectome_delta_u02_hp0.3,plasticity,connectome,delta,2,0.3,0.23,0.2221,60,1.96,0.0312
plasticity_connectome_delta_u02_hp0.5,plasticity,connectome,delta,2,0.5,0.2239,0.2169,60,1.96,0.0312
plasticity_connectome_delta_u02_hp0.9,plasticity,connectome,delta,2,0.9,0.1774,0.1783,60,1.96,0.0312
plasticity_connectome_hebbian_u00_hp0.1,plasticity,connectome,hebbian,0,0.1,0.226,0.2321,60,2.36,0.0312
plasticity_connectome_hebbian_u00_hp0.3,plasticity,connectome,hebbian,0,0.3,0.2215,0.2294,60,1.97,0.0312
plasticity_connectome_hebbian_u00_hp0.5,plasticity,connectome,hebbian,0,0.5,0.215,0.2236,60,1.96,0.0312
plasticity_connectome_hebbian_u00_hp0.9,plasticity,connectome,hebbian,0,0.9,0.192,0.1982,60,1.96,0.0312
plasticity_connectome_hebbian_u01_hp0.1,plasticity,connectome,hebbian,1,0.1,0.2269,0.2284,60,1.96,0.0312
plasticity_connectome_hebbian_u01_hp0.3,plasticity,connectome,hebbian,1,0.3,0.2237,0.2262,60,1.96,0.0312
plasticity_connectome_hebbian_u01_hp0.5,plasticity,connectome,hebbian,1,0.5,0.2201,0.2201,60,1.96,0.0312
plasticity_connectome_hebbian_u01_hp0.9,plasticity,connectome,hebbian,1,0.9,0.1956,0.197,60,1.96,0.0312
plasticity_connectome_hebbian_u02_hp0.1,plasticity,connectome,hebbian,2,0.1,0.2314,0.2235,60,1.95,0.0312
plasticity_connectome_hebbian_u02_hp0.3,plasticity,connectome,hebbian,2,0.3,0.2298,0.222,60,1.96,0.0312
plasticity_connectome_hebbian_u02_hp0.5,plasticity,connectome,hebbian,2,0.5,0.2249,0.2167,60,1.93,0.0312
plasticity_connectome_hebbian_u02_hp0.9,plasticity,connectome,hebbian,2,0.9,0.195,0.1981,60,1.93,0.0312
plasticity_connectome_hybrid_u00_hp0.001,plasticity,connectome,hybrid,0,0.001,0.694,0.7053,60,170.4,0.0312
plasticity_connectome_hybrid_u01_hp0.001,plasticity,connectome,hybrid,1,0.001,0.704,0.7078,60,170.0,0.0312
plasticity_degree_matched_delta_u00_hp0.1,plasticity,degree_matched,delta,0,0.1,0.2263,0.2311,60,1.97,0.0312
plasticity_degree_matched_delta_u00_hp0.3,plasticity,degree_matched,delta,0,0.3,0.2253,0.2295,60,1.97,0.0312
plasticity_degree_matched_delta_u00_hp0.5,plasticity,degree_matched,delta,0,0.5,0.2213,0.2251,60,1.98,0.0312
plasticity_degree_matched_delta_u00_hp0.9,plasticity,degree_matched,delta,0,0.9,0.1695,0.1827,60,1.98,0.0312
plasticity_degree_matched_delta_u01_hp0.1,plasticity,degree_matched,delta,1,0.1,0.2341,0.2332,60,1.99,0.0312
plasticity_degree_matched_delta_u01_hp0.3,plasticity,degree_matched,delta,1,0.3,0.2316,0.2302,60,1.98,0.0312
plasticity_degree_matched_delta_u01_hp0.5,plasticity,degree_matched,delta,1,0.5,0.2267,0.2246,60,2.0,0.0312
plasticity_degree_matched_delta_u01_hp0.9,plasticity,degree_matched,delta,1,0.9,0.1833,0.1853,60,2.0,0.0312
plasticity_degree_matched_delta_u02_hp0.1,plasticity,degree_matched,delta,2,0.1,0.232,0.2261,60,2.0,0.0312
plasticity_degree_matched_delta_u02_hp0.3,plasticity,degree_matched,delta,2,0.3,0.2274,0.2242,60,2.0,0.0312
plasticity_degree_matched_delta_u02_hp0.5,plasticity,degree_matched,delta,2,0.5,0.2229,0.2208,60,1.97,0.0312
plasticity_degree_matched_delta_u02_hp0.9,plasticity,degree_matched,delta,2,0.9,0.179,0.1812,60,1.99,0.0312
plasticity_degree_matched_hebbian_u00_hp0.1,plasticity,degree_matched,hebbian,0,0.1,0.2264,0.2311,60,1.93,0.0312
plasticity_degree_matched_hebbian_u00_hp0.3,plasticity,degree_matched,hebbian,0,0.3,0.2249,0.2297,60,1.93,0.0312
plasticity_degree_matched_hebbian_u00_hp0.5,plasticity,degree_matched,hebbian,0,0.5,0.2205,0.2244,60,2.09,0.0312
plasticity_degree_matched_hebbian_u00_hp0.9,plasticity,degree_matched,hebbian,0,0.9,0.1889,0.1972,60,1.95,0.0312
plasticity_degree_matched_hebbian_u01_hp0.1,plasticity,degree_matched,hebbian,1,0.1,0.2341,0.2334,60,1.95,0.0312
plasticity_degree_matched_hebbian_u01_hp0.3,plasticity,degree_matched,hebbian,1,0.3,0.2319,0.2299,60,1.95,0.0312
plasticity_degree_matched_hebbian_u01_hp0.5,plasticity,degree_matched,hebbian,1,0.5,0.2272,0.2243,60,1.95,0.0312
plasticity_degree_matched_hebbian_u01_hp0.9,plasticity,degree_matched,hebbian,1,0.9,0.1977,0.2011,60,1.95,0.0312
plasticity_degree_matched_hebbian_u02_hp0.1,plasticity,degree_matched,hebbian,2,0.1,0.2318,0.2259,60,1.95,0.0312
plasticity_degree_matched_hebbian_u02_hp0.3,plasticity,degree_matched,hebbian,2,0.3,0.2276,0.2241,60,1.95,0.0312
plasticity_degree_matched_hebbian_u02_hp0.5,plasticity,degree_matched,hebbian,2,0.5,0.2222,0.2211,60,1.95,0.0312
plasticity_degree_matched_hebbian_u02_hp0.9,plasticity,degree_matched,hebbian,2,0.9,0.1954,0.1973,60,1.95,0.0312
plasticity_degree_matched_hybrid_u00_hp0.001,plasticity,degree_matched,hybrid,0,0.001,0.7038,0.7181,60,171.4,0.0312
