mode,region,arm,seed,gain,sigma,change_snr,readout_base,recall_at_fpr10,auroc,auprc,wall_s
gain,AL,connectome,0,0.25,0.0,0.15951,4.3655,0.6336206896551724,0.8784020346148764,0.98276645697635,60.6
gain,AL,degree,0,0.5,0.0,0.11893,7.7893,0.6795977011494253,0.9093712841854936,0.9871544141422678,101.0
gain,AL,random,0,1.0,0.0,0.06269,15.6447,0.5826149425287356,0.8563011956665345,0.9790578204686736,60.8
gain,AL,connectome,0,4.0,0.0,0.15951,4.3655,0.694683908045977,0.9008868410622276,0.986526176963505,183.4
gain,AL,degree,0,8.0,0.0,0.11893,7.7893,0.6774425287356322,0.8987110252345092,0.985984508720604,182.0
gain,AL,random,0,16.0,0.0,0.06269,15.6447,0.6882183908045977,0.8953915642753336,0.9856650228060148,174.2
gain,AL,degree,1,0.25,0.0,0.11744,7.767,0.5352011494252874,0.8482337495045581,0.9771653910963471,88.8
gain,AL,random,1,0.5,0.0,0.06352,15.4404,0.576867816091954,0.8540386775003302,0.9787260492020502,88.0
gain,AL,connectome,1,2.0,0.0,0.15951,4.3655,0.7205459770114943,0.905973378253402,0.9871679385562526,74.7
gain,AL,degree,1,4.0,0.0,0.11744,7.767,0.6558908045977011,0.8973072730875942,0.9856055117651354,88.9
gain,AL,random,1,8.0,0.0,0.06352,15.4404,0.6602011494252874,0.8929226119698771,0.9852635847679944,88.6
gain,AL,connectome,1,32.0,0.0,0.15951,4.3655,0.7061781609195402,0.8990165477606025,0.9864048510335508,108.4
gain,AL,connectome,5,0.25,0.0,0.15951,4.3655,0.6099137931034483,0.8693560906328445,0.9812852759738868,54.6
gain,AL,degree,5,0.5,0.0,0.11997,7.6216,0.6221264367816092,0.8721759809750297,0.9815980772786916,116.9
gain,AL,random,5,1.0,0.0,0.06387,15.4676,0.6379310344827587,0.8919358567842516,0.9847051603712812,67.9
gain,AL,connectome,5,4.0,0.0,0.15951,4.3655,0.7492816091954023,0.9195650019817676,0.9890874216764506,75.1
gain,AL,degree,5,8.0,0.0,0.11997,7.6216,0.701867816091954,0.902236920332937,0.9867524688874012,148.5
gain,AL,random,5,16.0,0.0,0.06387,15.4676,0.6932471264367817,0.9203453230281412,0.988974369079002,82.4
gain,AL,degree,5,0.25,0.0,0.11997,7.6216,0.480603448275862,0.8410044259479456,0.9752380680832468,62.3
gain,AL,random,5,0.5,0.0,0.06387,15.4676,0.6027298850574713,0.8665238142423042,0.9806521941655196,67.4
gain,AL,connectome,5,2.0,0.0,0.15951,4.3655,0.7004310344827587,0.9135866693090235,0.9882127749084604,110.5
gain,AL,degree,5,4.0,0.0,0.11997,7.6216,0.6781609195402298,0.9045324679614216,0.986805321495605,83.0
gain,AL,random,5,8.0,0.0,0.06387,15.4676,0.6724137931034483,0.9013781543136478,0.986370390726796,73.9
gain,AL,connectome,5,32.0,0.0,0.15951,4.3655,0.694683908045977,0.8994913462808826,0.9863259319383658,162.2
gain,AL,connectome,4,0.25,0.0,0.15951,4.3655,0.6063218390804598,0.8613712181265689,0.9800967768078472,82.2
gain,AL,degree,4,0.5,0.0,0.11724,7.8756,0.6602011494252874,0.8778446624388955,0.9829455564931802,80.1
gain,AL,random,4,1.0,0.0,0.06302,15.6522,0.6422413793103449,0.8702272427004888,0.9818172391418444,103.2
gain,AL,connectome,4,4.0,0.0,0.15951,4.3655,0.742816091954023,0.9244574910820452,0.9898586492346152,74.5
gain,AL,degree,4,8.0,0.0,0.11724,7.8756,0.6903735632183908,0.9083102127097372,0.9874028576798786,117.4
gain,AL,random,4,16.0,0.0,0.06302,15.6522,0.6745689655172413,0.8997762253930506,0.9862265863465788,117.3
gain,AL,degree,0,0.25,0.0,0.11893,7.7893,0.5136494252873564,0.849435196195006,0.9768262774292572,95.5
gain,AL,random,0,0.5,0.0,0.06269,15.6447,0.6695402298850575,0.8952346743295019,0.9854653131249332,123.5
gain,AL,connectome,0,2.0,0.0,0.15951,4.3655,0.7047413793103449,0.9112126767076232,0.9878888466182484,180.0
gain,AL,degree,0,4.0,0.0,0.11893,7.7893,0.673132183908046,0.9036860879904876,0.9867189990763896,94.9
gain,AL,random,0,8.0,0.0,0.06269,15.6447,0.6903735632183908,0.91090715418153,0.9878277131770772,137.3
gain,AL,connectome,0,32.0,0.0,0.15951,4.3655,0.6961206896551724,0.904288875677104,0.9868868256035728,162.9
gain,AL,degree,4,0.25,0.0,0.11724,7.8756,0.6336206896551724,0.8647567380103052,0.9805438719735956,98.0
gain,AL,random,4,0.5,0.0,0.06302,15.6522,0.6702586206896551,0.8972783723080988,0.985673670734159,82.4
gain,AL,connectome,4,2.0,0.0,0.15951,4.3655,0.7377873563218391,0.92164585810543,0.9894302967604576,90.5
gain,AL,degree,4,4.0,0.0,0.11724,7.8756,0.6795977011494253,0.8986614810410887,0.986141991001468,105.5
gain,AL,random,4,8.0,0.0,0.06302,15.6522,0.6745689655172413,0.8983105430043599,0.9860014944544796,98.2
gain,AL,connectome,4,32.0,0.0,0.15951,4.3655,0.7334770114942529,0.9270255317743428,0.9901052866846024,183.4
gain,AL,degree,2,0.25,0.0,0.11711,7.9083,0.4820402298850574,0.8358559585149954,0.9745445705476784,75.1
gain,AL,random,2,0.5,0.0,0.06296,15.7769,0.5955459770114943,0.8434898929845422,0.9773339558142992,93.9
gain,AL,connectome,2,2.0,0.0,0.15951,4.3655,0.6537356321839081,0.8958663627956137,0.9852481391353172,116.4
gain,AL,degree,2,4.0,0.0,0.11711,7.9083,0.6997126436781609,0.9088469414717928,0.9875397375986336,117.0
gain,AL,random,2,8.0,0.0,0.06296,15.7769,0.6566091954022989,0.8892150548289074,0.984357759612924,102.8
gain,AL,connectome,2,32.0,0.0,0.15951,4.3655,0.7119252873563219,0.9036035143347866,0.9865633160309696,115.4
gain,AL,connectome,1,0.25,0.0,0.15951,4.3655,0.5718390804597702,0.8288475194873828,0.9712788052415948,82.5
gain,AL,degree,1,0.5,0.0,0.11744,7.767,0.6127873563218391,0.8627295547628485,0.980344647050106,80.5
gain,AL,random,1,1.0,0.0,0.06352,15.4404,0.6695402298850575,0.9019891993658344,0.9862580316061392,89.2
gain,AL,connectome,1,4.0,0.0,0.15951,4.3655,0.7011494252873564,0.9011510767604703,0.9865628612637048,89.4
gain,AL,degree,1,8.0,0.0,0.11744,7.767,0.7083333333333334,0.902154346677236,0.9868544918591352,81.6
gain,AL,random,1,16.0,0.0,0.06352,15.4404,0.7068965517241379,0.9059609922050468,0.9872202096302723,88.8
gain,AL,degree,3,0.25,0.0,0.11736,7.942,0.5272988505747126,0.8399020676443387,0.975281376423903,54.8
gain,AL,random,3,0.5,0.0,0.0625,15.788,0.5969827586206896,0.8520899392257894,0.9785986946276626,110.5
gain,AL,connectome,3,2.0,0.0,0.15951,4.3655,0.6451149425287356,0.9043342911877394,0.9863654523645368,83.5
gain,AL,degree,3,4.0,0.0,0.11736,7.942,0.6839080459770115,0.9114232395296604,0.9876979463962904,83.4
gain,AL,random,3,8.0,0.0,0.0625,15.788,0.6336206896551724,0.87685790725327,0.982544484042636,83.3
gain,AL,connectome,3,32.0,0.0,0.15951,4.3655,0.7025862068965517,0.8977903289734444,0.9861239560996676,154.0
gain,AL,random,5,0.25,0.0,0.06387,15.4676,0.5301724137931034,0.8386428193949003,0.9756993036016088,70.4
gain,AL,connectome,5,1.0,0.0,0.15951,4.3655,0.7054597701149425,0.9038842647641696,0.986507013869928,68.8
gain,AL,degree,5,2.0,0.0,0.11997,7.6216,0.6580459770114943,0.8936286167261197,0.9852147348192208,70.0
gain,AL,random,5,4.0,0.0,0.06387,15.4676,0.6206896551724138,0.8843638525564804,0.9835765127358472,78.7
gain,AL,connectome,5,16.0,0.0,0.15951,4.3655,0.7665229885057471,0.9223312194477474,0.9895928103296384,76.3
gain,AL,degree,5,32.0,0.0,0.11997,7.6216,0.7262931034482759,0.9105190579997358,0.9875758855645668,127.4
gain,AL,connectome,3,0.25,0.0,0.15951,4.3655,0.6343390804597702,0.8834720570749108,0.9831597615674116,102.0
gain,AL,degree,3,0.5,0.0,0.11736,7.942,0.6436781609195402,0.8967994451050337,0.9851211956673116,101.1
gain,AL,random,3,1.0,0.0,0.0625,15.788,0.7227011494252874,0.9254855330955212,0.9897352007168696,124.3
gain,AL,connectome,3,4.0,0.0,0.15951,4.3655,0.7112068965517241,0.916687310080592,0.9886707484381452,124.7
gain,AL,degree,3,8.0,0.0,0.11736,7.942,0.6716954022988506,0.9037810476945436,0.9867378682312984,166.6
gain,AL,random,3,16.0,0.0,0.0625,15.788,0.6422413793103449,0.900098262650284,0.9860642710830524,80.8
gain,AL,connectome,2,0.25,0.0,0.15951,4.3655,0.6091954022988506,0.8709704056017968,0.9814426850150384,117.8
gain,AL,degree,2,0.5,0.0,0.11711,7.9083,0.6494252873563219,0.8800741511428194,0.9830382156811872,59.5
gain,AL,random,2,1.0,0.0,0.06296,15.7769,0.6673850574712644,0.8961801426872771,0.9855941618493466,119.0
gain,AL,connectome,2,4.0,0.0,0.15951,4.3655,0.6673850574712644,0.8906477077553178,0.9846129254788302,118.8
gain,AL,degree,2,8.0,0.0,0.11711,7.9083,0.7277298850574713,0.9195195864711324,0.9891075638428448,103.5
gain,AL,random,2,16.0,0.0,0.06296,15.7769,0.7119252873563219,0.9127485467036596,0.9880393666164436,117.3
gain,AL,random,0,0.25,0.0,0.06269,15.6447,0.5251436781609196,0.835261428193949,0.9754238164863376,98.3
gain,AL,connectome,0,1.0,0.0,0.15951,4.3655,0.6896551724137931,0.922661514070551,0.9892900003277928,126.6
gain,AL,degree,0,2.0,0.0,0.11893,7.7893,0.7083333333333334,0.9040494120755714,0.9868984947429024,98.0
gain,AL,random,0,4.0,0.0,0.06269,15.6447,0.6666666666666666,0.8973485599154446,0.9858697538862318,91.4
gain,AL,connectome,0,16.0,0.0,0.15951,4.3655,0.6896551724137931,0.9003335975690315,0.9863222268457816,104.6
gain,AL,degree,0,32.0,0.0,0.11893,7.7893,0.5991379310344828,0.8624116461884,0.9800809345169684,97.1
gain,AL,random,1,0.25,0.0,0.06352,15.4404,0.4892241379310345,0.8270907649623465,0.972252813237704,75.4
gain,AL,connectome,1,1.0,0.0,0.15951,4.3655,0.6875,0.9010602457391994,0.986509162868738,80.1
gain,AL,degree,1,2.0,0.0,0.11744,7.767,0.6760057471264368,0.9029264103580392,0.9865985049713788,88.6
gain,AL,random,1,4.0,0.0,0.06352,15.4404,0.6451149425287356,0.8997390672479852,0.9858524061819264,67.7
gain,AL,connectome,1,16.0,0.0,0.15951,4.3655,0.7234195402298851,0.9217903620029064,0.9894747003796536,180.1
gain,AL,degree,1,32.0,0.0,0.11744,7.767,0.7104885057471264,0.9065224930638128,0.9868301847850116,172.3
gain,AL,connectome,5,0.5,0.0,0.15951,4.3655,0.6293103448275862,0.8892480842911877,0.9841451738900704,67.7
gain,AL,degree,5,1.0,0.0,0.11997,7.6216,0.6795977011494253,0.9038594926674594,0.9865085512180536,108.2
gain,AL,random,5,2.0,0.0,0.06387,15.4676,0.6005747126436781,0.8790750099088387,0.9824212603110916,67.5
gain,AL,connectome,5,8.0,0.0,0.15951,4.3655,0.6846264367816092,0.9014689853349188,0.9865248864892266,110.3
gain,AL,degree,5,16.0,0.0,0.11997,7.6216,0.7449712643678161,0.907368873034747,0.9865172264447613,102.2
gain,AL,random,5,32.0,0.0,0.06387,15.4676,0.6846264367816092,0.9051228695996828,0.986590909790004,80.7
gain,AL,connectome,1,0.5,0.0,0.15951,4.3655,0.6522988505747126,0.8716887964063945,0.9818890499455336,114.1
gain,AL,degree,1,1.0,0.0,0.11744,7.767,0.6271551724137931,0.8754376403752147,0.9825794860621526,91.9
gain,AL,random,1,2.0,0.0,0.06352,15.4404,0.6738505747126436,0.9079840467697186,0.9871451755470072,91.9
gain,AL,connectome,1,8.0,0.0,0.15951,4.3655,0.6810344827586207,0.9001932223543401,0.9865469607101884,90.9
gain,AL,degree,1,16.0,0.0,0.11744,7.767,0.7270114942528736,0.9086487646981108,0.9875248428178344,104.9
gain,AL,random,1,32.0,0.0,0.06352,15.4404,0.7492816091954023,0.9191645197516184,0.989134648693412,119.5
gain,AL,connectome,4,0.5,0.0,0.15951,4.3655,0.6724137931034483,0.906997291584093,0.9868879300920428,118.3
gain,AL,degree,4,1.0,0.0,0.11724,7.8756,0.6623563218390804,0.8734641300039635,0.9823437714407024,81.3
gain,AL,random,4,2.0,0.0,0.06302,15.6522,0.6824712643678161,0.911006242568371,0.987575782957061,81.5
gain,AL,connectome,4,8.0,0.0,0.15951,4.3655,0.7744252873563219,0.9215839278636544,0.989587245705533,94.6
gain,AL,degree,4,16.0,0.0,0.11724,7.8756,0.7198275862068966,0.91324811732065,0.9882751985088096,157.3
gain,AL,random,4,32.0,0.0,0.06302,15.6522,0.6875,0.900754723213106,0.986322681181492,114.9
gain,AL,connectome,3,0.5,0.0,0.15951,4.3655,0.6831896551724138,0.9074060311798124,0.9869937212736912,82.7
gain,AL,degree,3,1.0,0.0,0.11736,7.942,0.6228448275862069,0.8835917888756771,0.9832126949512467,80.2
gain,AL,random,3,2.0,0.0,0.0625,15.788,0.6709770114942529,0.9020304861936848,0.9863841349088224,74.1
gain,AL,connectome,3,8.0,0.0,0.15951,4.3655,0.6709770114942529,0.898698639186154,0.9861577214779258,144.3
gain,AL,degree,3,16.0,0.0,0.11736,7.942,0.6867816091954023,0.9035622275069362,0.9866853726223036,108.5
gain,AL,random,3,32.0,0.0,0.0625,15.788,0.6795977011494253,0.9114232395296604,0.9876840138430906,165.2
gain,AL,random,3,0.25,0.0,0.0625,15.788,0.5287356321839081,0.8414461950059453,0.9761169401997928,89.2
gain,AL,connectome,3,1.0,0.0,0.15951,4.3655,0.6566091954022989,0.9043136477738144,0.9865366240245912,72.9
gain,AL,degree,3,2.0,0.0,0.11736,7.942,0.6709770114942529,0.8990248051261726,0.986184295505599,124.4
gain,AL,random,3,4.0,0.0,0.0625,15.788,0.6515804597701149,0.8875388096181794,0.9842615166033832,82.4
gain,AL,connectome,3,16.0,0.0,0.15951,4.3655,0.6494252873563219,0.8782946888624653,0.98303899452876,166.5
gain,AL,degree,3,32.0,0.0,0.11736,7.942,0.6975574712643678,0.9077156823886908,0.9871526609765218,158.5
gain,AL,connectome,0,0.5,0.0,0.15951,4.3655,0.6522988505747126,0.8910316752543268,0.9847690664860193,103.7
gain,AL,degree,0,1.0,0.0,0.11893,7.7893,0.6336206896551724,0.8828321112432289,0.9834462532753026,95.1
gain,AL,random,0,2.0,0.0,0.06269,15.6447,0.6163793103448276,0.8858377923107412,0.9835956331169958,60.3
gain,AL,connectome,0,8.0,0.0,0.15951,4.3655,0.709051724137931,0.9133719778042012,0.9884357055411788,182.8
gain,AL,degree,0,16.0,0.0,0.11893,7.7893,0.7219827586206896,0.912872407187211,0.9882881595812076,131.4
gain,AL,random,0,32.0,0.0,0.06269,15.6447,0.7464080459770115,0.9221413000396352,0.98948017622337,159.9
gain,AL,connectome,2,0.5,0.0,0.15951,4.3655,0.6602011494252874,0.9027364909499274,0.9862444306029294,69.0
gain,AL,degree,2,1.0,0.0,0.11711,7.9083,0.6336206896551724,0.8794672347734179,0.9831718760768694,140.8
gain,AL,random,2,2.0,0.0,0.06296,15.7769,0.6458333333333334,0.8784928656361475,0.9828006384954648,97.8
gain,AL,connectome,2,8.0,0.0,0.15951,4.3655,0.7543103448275862,0.919680605099749,0.9892856914608116,104.0
gain,AL,degree,2,16.0,0.0,0.11711,7.9083,0.7758620689655172,0.920134760206104,0.98935280601663,103.4
gain,AL,random,2,32.0,0.0,0.06296,15.7769,0.6551724137931034,0.8806273946360154,0.9834225301579512,153.8
gain,AL,random,4,0.25,0.0,0.06302,15.6522,0.5883620689655172,0.8401456599286563,0.9768502122824791,161.2
gain,AL,connectome,4,1.0,0.0,0.15951,4.3655,0.665948275862069,0.90532517505615,0.9867771961038804,96.2
gain,AL,degree,4,2.0,0.0,0.11724,7.8756,0.6494252873563219,0.8779478795085216,0.9828036085892708,96.7
gain,AL,random,4,4.0,0.0,0.06302,15.6522,0.6558908045977011,0.8908334984806447,0.984889894502368,97.4
gain,AL,connectome,4,16.0,0.0,0.15951,4.3655,0.7370689655172413,0.9203577090764964,0.9891237046761464,117.4
gain,AL,degree,4,32.0,0.0,0.11724,7.8756,0.6831896551724138,0.9057091425551592,0.9869445453450808,181.6
gain,AL,random,2,0.25,0.0,0.06296,15.7769,0.5941091954022989,0.8618212445501388,0.9797210112616852,119.3
gain,AL,connectome,2,1.0,0.0,0.15951,4.3655,0.7054597701149425,0.9153331021270974,0.988329287730878,184.8
gain,AL,degree,2,2.0,0.0,0.11711,7.9083,0.7133620689655172,0.908202866957326,0.987496826672136,60.7
gain,AL,random,2,4.0,0.0,0.06296,15.7769,0.7191091954022989,0.910263079667063,0.987758014804092,68.2
gain,AL,connectome,2,16.0,0.0,0.15951,4.3655,0.7406609195402298,0.913627956136874,0.9882018965049024,117.1
gain,AL,degree,2,32.0,0.0,0.11711,7.9083,0.6910919540229885,0.8920803606817281,0.9853465618665672,180.8
