task,region,arm,seed,native,score,val_score,N,edges,n_out,epochs,wall_s
mqar,AL,connectome,0,0,0.174,0.17125,3499,258882,685,31,85.4
mqar,MB,degree,3,1,0.17225,0.17854,3499,218164,96,40,97.9
mqar,OL,connectome,0,0,0.03663,0.03729,3499,60742,22,10,19.8
path,AL,degree,3,0,0.89245,0.89011,3499,258882,685,23,134.5
path,CX,connectome,0,1,0.88576,0.88872,3499,466370,327,30,279.0
path,OL,degree,3,0,0.87893,0.87675,3499,60742,22,30,121.3
flow,MB,connectome,0,0,0.25694,0.24054,3499,218164,96,30,34.5
flow,CX,degree,3,0,0.27509,0.27008,3499,466370,327,30,60.4
mqar,AL,random,3,0,0.19062,0.19271,3499,258882,685,34,95.0
mqar,CX,degree,0,0,0.19338,0.19833,3499,466370,327,40,179.2
mqar,OL,random,3,0,0.18937,0.19104,3499,60742,22,40,76.3
path,MB,degree,0,0,0.89626,0.8988,3499,218164,96,30,158.8
path,CX,random,3,1,0.89742,0.89515,3499,466370,327,30,281.9
flow,AL,degree,0,0,0.27781,0.26244,3499,258882,685,30,38.4
flow,MB,random,3,0,0.25649,0.25067,3499,218164,96,30,34.9
flow,OL,degree,0,1,0.21423,0.19409,3499,60742,22,30,27.5
mqar,AL,random,2,0,0.19737,0.20979,3499,258882,685,32,90.6
mqar,CX,connectome,5,0,0.19688,0.19375,3499,466370,327,27,120.2
mqar,OL,random,2,0,0.19212,0.19771,3499,60742,22,40,75.3
path,MB,connectome,5,0,0.87762,0.87873,3499,218164,96,30,159.2
path,CX,random,2,1,0.8938,0.88877,3499,466370,327,30,286.1
flow,AL,connectome,5,0,0.27455,0.24204,3499,258882,685,30,39.0
flow,MB,random,2,0,0.26337,0.25379,3499,218164,96,30,34.8
flow,OL,connectome,5,1,-0.00214,-0.00125,3499,60742,22,11,10.0
mqar,AL,degree,5,0,0.17975,0.17917,3499,258882,685,37,105.6
mqar,CX,connectome,2,0,0.19775,0.19938,3499,466370,327,31,140.3
mqar,OL,degree,5,0,0.19013,0.18854,3499,60742,22,40,76.3
path,MB,connectome,2,0,0.87721,0.87155,3499,218164,96,30,164.6
path,CX,degree,5,1,0.89887,0.89977,3499,466370,327,30,292.4
flow,AL,connectome,2,0,0.29895,0.28627,3499,258882,685,30,40.2
flow,MB,degree,5,0,0.26431,0.22263,3499,218164,96,30,35.3
flow,OL,connectome,2,1,-0.0024,-0.00016,3499,60742,22,12,10.9
mqar,AL,random,4,0,0.19625,0.2,3499,258882,685,35,98.6
mqar,CX,degree,1,0,0.19987,0.20188,3499,466370,327,34,151.0
mqar,OL,random,4,0,0.19363,0.19521,3499,60742,22,40,77.7
path,MB,degree,1,0,0.89798,0.90044,3499,218164,96,30,159.8
path,CX,random,4,1,0.89391,0.89232,3499,466370,327,30,285.1
flow,AL,degree,1,0,0.24795,0.28085,3499,258882,685,30,39.1
flow,MB,random,4,0,0.2557,0.26774,3499,218164,96,30,34.8
flow,OL,degree,1,1,-0.0022,-0.00065,3499,60742,22,7,6.5
mqar,AL,random,1,0,0.20275,0.20208,3499,258882,685,30,83.8
mqar,CX,connectome,4,0,0.18587,0.19813,3499,466370,327,36,158.3
mqar,OL,random,1,0,0.18875,0.19187,3499,60742,22,36,68.4
path,MB,connectome,4,0,0.86966,0.86818,3499,218164,96,30,159.7
path,CX,random,1,1,0.8934,0.89792,3499,466370,327,30,284.9
flow,AL,connectome,4,0,0.2795,0.2883,3499,258882,685,30,38.8
flow,MB,random,1,0,0.25029,0.28081,3499,218164,96,30,34.3
flow,OL,connectome,4,1,-0.00092,-0.00129,3499,60742,22,10,9.3
mqar,AL,connectome,1,0,0.18313,0.18146,3499,258882,685,34,93.6
mqar,MB,degree,4,1,0.18225,0.18646,3499,218164,96,40,100.1
mqar,OL,connectome,1,0,0.02912,0.0275,3499,60742,22,7,15.0
path,AL,degree,4,0,0.9029,0.90146,3499,258882,685,30,178.8
path,CX,connectome,1,1,0.88867,0.89176,3499,466370,327,30,279.6
path,OL,degree,4,0,0.87664,0.87693,3499,60742,22,30,119.3
flow,MB,connectome,1,0,0.23655,0.26904,3499,218164,96,30,34.5
flow,CX,degree,4,0,0.27275,0.28485,3499,466370,327,30,60.4
mqar,MB,connectome,0,1,0.19488,0.19437,3499,218164,96,40,99.1
mqar,CX,degree,3,0,0.18425,0.19125,3499,466370,327,36,163.1
path,AL,connectome,0,0,0.90012,0.90189,3499,258882,685,30,179.5
path,MB,degree,3,0,0.90035,0.9001,3499,218164,96,30,159.5
path,OL,connectome,0,0,0.72475,0.72801,3499,60742,22,30,121.0
flow,AL,degree,3,0,0.26539,0.25953,3499,258882,685,30,38.7
flow,CX,connectome,0,0,0.28773,0.27518,3499,466370,327,30,60.0
flow,OL,degree,3,1,0.20712,0.1973,3499,60742,22,30,28.3
mqar,AL,random,0,0,0.19287,0.19813,3499,258882,685,37,102.3
mqar,CX,connectome,3,0,0.19537,0.19146,3499,466370,327,30,133.5
mqar,OL,random,0,0,0.19425,0.18958,3499,60742,22,40,77.4
path,MB,connectome,3,0,0.88121,0.87839,3499,218164,96,30,159.4
path,CX,random,0,1,0.88999,0.8936,3499,466370,327,30,282.8
flow,AL,connectome,3,0,0.27716,0.27579,3499,258882,685,30,38.8
flow,MB,random,0,0,0.28882,0.27051,3499,218164,96,30,35.2
flow,OL,connectome,3,1,-0.00124,-0.00057,3499,60742,22,16,15.1
mqar,AL,degree,4,0,0.17337,0.17917,3499,258882,685,40,112.5
mqar,CX,connectome,1,0,0.196,0.19958,3499,466370,327,29,128.5
mqar,OL,degree,4,0,0.1935,0.18563,3499,60742,22,40,77.5
path,MB,connectome,1,0,0.87996,0.88296,3499,218164,96,30,161.8
path,CX,degree,4,1,0.90109,0.89976,3499,466370,327,30,290.2
flow,AL,connectome,1,0,0.25705,0.29315,3499,258882,685,30,39.3
flow,MB,degree,4,0,0.23427,0.24366,3499,218164,96,30,35.0
flow,OL,connectome,1,1,-0.002,-0.00013,3499,60742,22,10,9.4
mqar,AL,random,5,0,0.19725,0.20063,3499,258882,685,32,91.5
mqar,CX,degree,2,0,0.19637,0.20604,3499,466370,327,39,176.6
mqar,OL,random,5,0,0.195,0.19667,3499,60742,22,39,77.9
path,MB,degree,2,0,0.90451,0.89903,3499,218164,96,30,164.1
path,CX,random,5,1,0.89649,0.89783,3499,466370,327,30,291.5
flow,AL,degree,2,0,0.26945,0.2602,3499,258882,685,30,40.5
flow,MB,random,5,0,0.28314,0.24229,3499,218164,96,30,36.2
flow,OL,degree,2,1,0.20842,0.19892,3499,60742,22,30,28.8
mqar,MB,connectome,1,1,0.1895,0.195,3499,218164,96,33,80.5
mqar,CX,degree,4,0,0.18763,0.19229,3499,466370,327,36,160.5
path,AL,connectome,1,0,0.89749,0.9009,3499,258882,685,30,179.0
path,MB,degree,4,0,0.90464,0.90419,3499,218164,96,30,158.8
path,OL,connectome,1,0,0.72443,0.73481,3499,60742,22,30,116.9
flow,AL,degree,4,0,0.25949,0.27433,3499,258882,685,30,38.7
flow,CX,connectome,1,0,0.24886,0.27751,3499,466370,327,30,60.8
flow,OL,degree,4,1,0.12315,0.11029,3499,60742,22,30,27.1
mqar,AL,connectome,2,0,0.17462,0.18333,3499,258882,685,39,109.5
mqar,MB,degree,5,1,0.1825,0.18604,3499,218164,96,33,84.4
mqar,OL,connectome,2,0,0.0315,0.03604,3499,60742,22,8,15.9
path,AL,degree,5,0,0.90095,0.90377,3499,258882,685,30,179.7
path,CX,connectome,2,1,0.88873,0.88502,3499,466370,327,30,280.0
path,OL,degree,5,0,0.88464,0.88462,3499,60742,22,30,119.5
flow,MB,connectome,2,0,-0.0036,-0.00189,3499,218164,96,10,11.7
flow,CX,degree,5,0,0.29482,0.25199,3499,466370,327,30,60.9
mqar,MB,connectome,2,1,0.18837,0.2025,3499,218164,96,37,91.6
mqar,CX,degree,5,0,0.19437,0.19458,3499,466370,327,36,161.4
path,AL,connectome,2,0,0.90457,0.89986,3499,258882,685,30,181.3
path,MB,degree,5,0,0.89872,0.90092,3499,218164,96,30,161.0
path,OL,connectome,2,0,0.73386,0.72438,3499,60742,22,30,121.7
flow,AL,degree,5,0,0.2743,0.23534,3499,258882,685,30,38.8
flow,CX,connectome,2,0,0.29497,0.27915,3499,466370,327,30,59.2
flow,OL,degree,5,1,0.19332,0.15302,3499,60742,22,30,28.1
mqar,AL,connectome,4,0,0.158,0.16583,3499,258882,685,26,72.3
mqar,MB,random,1,1,0.19725,0.20687,3499,218164,96,40,100.7
mqar,OL,connectome,4,0,0.03525,0.03083,3499,60742,22,10,19.8
path,AL,random,1,0,0.89718,0.9006,3499,258882,685,30,180.5
path,CX,connectome,4,1,0.89032,0.88948,3499,466370,327,30,276.4
path,OL,random,1,0,0.8952,0.89891,3499,60742,22,30,121.4
flow,MB,connectome,4,0,0.24383,0.2583,3499,218164,96,30,34.8
flow,CX,random,1,0,0.26889,0.30644,3499,466370,327,30,59.8
mqar,AL,connectome,3,0,0.16637,0.17333,3499,258882,685,38,105.9
mqar,MB,random,0,1,0.195,0.19917,3499,218164,96,40,100.8
mqar,OL,connectome,3,0,0.03263,0.03479,3499,60742,22,7,13.5
path,AL,random,0,0,0.89945,0.90247,3499,258882,685,30,181.6
path,CX,connectome,3,1,0.89349,0.89121,3499,466370,327,30,282.9
path,OL,random,0,0,0.89237,0.89483,3499,60742,22,30,120.2
flow,MB,connectome,3,0,0.26207,0.25952,3499,218164,96,30,34.6
flow,CX,random,0,0,0.30322,0.28483,3499,466370,327,30,61.0
mqar,AL,degree,0,0,0.16387,0.16542,3499,258882,685,33,92.3
mqar,MB,random,3,1,0.186,0.19771,3499,218164,96,40,101.1
mqar,OL,degree,0,0,0.19087,0.1925,3499,60742,22,40,79.2
path,AL,random,3,0,0.90185,0.89923,3499,258882,685,30,180.2
path,CX,degree,0,1,0.89531,0.89837,3499,466370,327,30,280.5
path,OL,random,3,0,0.89825,0.89637,3499,60742,22,30,121.3
flow,MB,degree,0,0,0.25283,0.22868,3499,218164,96,30,34.6
flow,CX,random,3,0,0.28251,0.2759,3499,466370,327,30,61.2
mqar,AL,connectome,5,0,0.17675,0.17646,3499,258882,685,30,84.0
mqar,MB,random,2,1,0.1985,0.19958,3499,218164,96,33,83.8
mqar,OL,connectome,5,0,0.03263,0.03292,3499,60742,22,8,15.5
path,AL,random,2,0,0.9036,0.89859,3499,258882,685,30,183.2
path,CX,connectome,5,1,0.88624,0.88667,3499,466370,327,30,282.3
path,OL,random,2,0,0.89625,0.89174,3499,60742,22,30,117.6
flow,MB,connectome,5,0,0.25923,0.21529,3499,218164,96,30,35.1
flow,CX,random,2,0,0.28246,0.26906,3499,466370,327,30,61.3
mqar,MB,degree,2,1,0.18888,0.20292,3499,218164,96,40,97.3
mqar,CX,random,5,0,0.19187,0.19417,3499,466370,327,31,136.8
path,AL,degree,2,0,0.90519,0.90014,3499,258882,685,30,177.5
path,MB,random,5,0,0.89518,0.89525,3499,218164,96,30,159.0
path,OL,degree,2,0,0.87771,0.87149,3499,60742,22,30,119.4
flow,AL,random,5,0,0.2859,0.24471,3499,258882,685,30,38.8
flow,CX,degree,2,0,0.284,0.2705,3499,466370,327,30,60.2
flow,OL,random,5,1,0.25411,0.21692,3499,60742,22,30,27.7
mqar,AL,degree,1,0,0.172,0.17562,3499,258882,685,35,96.4
mqar,MB,random,4,1,0.19412,0.19417,3499,218164,96,35,87.4
mqar,OL,degree,1,0,0.1815,0.19,3499,60742,22,35,67.9
path,AL,random,4,0,0.90268,0.90116,3499,258882,685,30,180.2
path,CX,degree,1,1,0.89608,0.89956,3499,466370,327,30,282.6
path,OL,random,4,0,0.8991,0.89862,3499,60742,22,30,120.4
flow,MB,degree,1,0,0.23021,0.26467,3499,218164,96,30,34.7
flow,CX,random,4,0,0.27237,0.28103,3499,466370,327,30,59.8
mqar,AL,degree,3,0,0.17437,0.18146,3499,258882,685,40,112.4
mqar,CX,connectome,0,0,0.20163,0.19896,3499,466370,327,31,139.1
mqar,OL,degree,3,0,0.17312,0.17687,3499,60742,22,40,77.3
path,MB,connectome,0,0,0.87268,0.87528,3499,218164,96,30,160.1
path,CX,degree,3,1,0.89984,0.89819,3499,466370,327,30,288.5
flow,AL,connectome,0,0,0.29954,0.28389,3499,258882,685,30,38.9
flow,MB,degree,3,0,0.25072,0.24567,3499,218164,96,30,35.3
flow,OL,connectome,0,1,-0.00221,-0.00078,3499,60742,22,9,8.4
mqar,MB,connectome,3,1,0.17513,0.18729,3499,218164,96,40,98.6
mqar,CX,random,0,0,0.19425,0.19104,3499,466370,327,31,137.6
path,AL,connectome,3,0,0.8961,0.8948,3499,258882,685,27,160.1
path,MB,random,0,0,0.89094,0.8951,3499,218164,96,30,159.3
path,OL,connectome,3,0,0.73672,0.73375,3499,60742,22,30,119.1
flow,AL,random,0,0,0.27821,0.2688,3499,258882,685,26,33.7
flow,CX,connectome,3,0,0.27984,0.28001,3499,466370,327,30,59.4
flow,OL,random,0,1,0.27454,0.26254,3499,60742,22,30,28.0
mqar,AL,degree,2,0,0.1725,0.18167,3499,258882,685,37,106.0
mqar,MB,random,5,1,0.1965,0.19688,3499,218164,96,28,72.8
mqar,OL,degree,2,0,0.0315,0.03604,3499,60742,22,7,13.5
path,AL,random,5,0,0.89909,0.90083,3499,258882,685,30,188.2
path,CX,degree,2,1,0.90104,0.89597,3499,466370,327,30,294.3
path,OL,random,5,0,0.89383,0.89379,3499,60742,22,30,118.3
flow,MB,degree,2,0,0.24158,0.23345,3499,218164,96,30,35.4
flow,CX,random,5,0,0.29027,0.24726,3499,466370,327,30,62.9
mqar,MB,connectome,5,1,0.197,0.18688,3499,218164,96,36,88.6
mqar,CX,random,2,0,0.19225,0.20083,3499,466370,327,36,164.5
path,AL,connectome,5,0,0.89978,0.90184,3499,258882,685,28,169.8
path,MB,random,2,0,0.89657,0.89089,3499,218164,96,30,161.7
path,OL,connectome,5,0,0.73465,0.73887,3499,60742,22,30,117.8
flow,AL,random,2,0,0.28599,0.27288,3499,258882,685,30,39.6
flow,CX,connectome,5,0,0.30512,0.26987,3499,466370,327,30,60.8
flow,OL,random,2,1,0.24945,0.24245,3499,60742,22,30,27.2
mqar,MB,connectome,4,1,0.18575,0.18958,3499,218164,96,40,98.4
mqar,CX,random,1,0,0.20025,0.20375,3499,466370,327,40,176.9
path,AL,connectome,4,0,0.90506,0.90371,3499,258882,685,30,176.9
path,MB,random,1,0,0.89271,0.89681,3499,218164,96,30,158.7
path,OL,connectome,4,0,0.72552,0.72846,3499,60742,22,30,119.9
flow,AL,random,1,0,0.23985,0.27287,3499,258882,685,22,28.3
flow,CX,connectome,4,0,0.28798,0.29434,3499,466370,327,30,58.8
flow,OL,random,1,1,0.23946,0.27369,3499,60742,22,30,27.9
mqar,MB,degree,0,1,0.17425,0.17271,3499,218164,96,40,97.8
mqar,CX,random,3,0,0.19238,0.19062,3499,466370,327,35,154.8
path,AL,degree,0,0,0.89896,0.90119,3499,258882,685,30,178.2
path,MB,random,3,0,0.89696,0.89358,3499,218164,96,30,160.0
path,OL,degree,0,0,0.87808,0.88249,3499,60742,22,30,121.1
flow,AL,random,3,0,0.26463,0.26514,3499,258882,685,26,33.8
flow,CX,degree,0,0,0.30022,0.28081,3499,466370,327,30,60.2
flow,OL,random,3,1,0.25813,0.24876,3499,60742,22,30,27.8
mqar,MB,degree,1,1,0.18487,0.19042,3499,218164,96,34,83.4
mqar,CX,random,4,0,0.18825,0.19479,3499,466370,327,40,176.7
path,AL,degree,1,0,0.89653,0.90017,3499,258882,685,30,177.1
path,MB,random,4,0,0.89751,0.89661,3499,218164,96,30,159.4
path,OL,degree,1,0,0.87321,0.87636,3499,60742,22,30,121.9
flow,AL,random,4,0,0.2385,0.2452,3499,258882,685,21,26.8
flow,CX,degree,1,0,0.26427,0.29659,3499,466370,327,30,60.0
flow,OL,random,4,1,0.24581,0.25418,3499,60742,22,30,28.2
