Unnamed: 0,update,total_updates,T,FPS,window,mean,median,min,max,model
0,2,390,384,129,2,-66.65973149999999,-66.65973149999999,-97.45808,-35.861383,rnn_param_matched
1,3,390,512,130,3,-60.276682,-47.510583,-97.45808,-35.861383,rnn_param_matched
2,4,390,640,132,3,-60.276682,-47.510583,-97.45808,-35.861383,rnn_param_matched
3,5,390,768,132,4,-82.486623,-72.4843315,-149.116446,-35.861383,rnn_param_matched
4,6,390,896,133,4,-82.486623,-72.4843315,-149.116446,-35.861383,rnn_param_matched
5,7,390,1024,133,5,-77.93619799999999,-59.734498,-149.116446,-35.861383,rnn_param_matched
6,8,390,1152,133,5,-77.93619799999999,-59.734498,-149.116446,-35.861383,rnn_param_matched
7,9,390,1280,133,6,-77.44911649999999,-67.3741035,-149.116446,-35.861383,rnn_param_matched
8,10,390,1408,134,6,-77.44911649999999,-67.3741035,-149.116446,-35.861383,rnn_param_matched
9,11,390,1536,85,7,-80.95354957142857,-75.013709,-149.116446,-35.861383,rnn_param_matched
10,12,390,1664,87,7,-80.95354957142857,-75.013709,-149.116446,-35.861383,rnn_param_matched
11,13,390,1792,89,8,-79.72632412499999,-73.0747275,-149.116446,-35.861383,rnn_param_matched
12,14,390,1920,91,8,-79.72632412499999,-73.0747275,-149.116446,-35.861383,rnn_param_matched
13,15,390,2048,93,9,-78.46027955555554,-71.135746,-149.116446,-35.861383,rnn_param_matched
14,16,390,2176,95,9,-78.46027955555554,-71.135746,-149.116446,-35.861383,rnn_param_matched
15,17,390,2304,96,10,-76.84841309999999,-69.7338345,-149.116446,-35.861383,rnn_param_matched
16,18,390,2432,98,10,-76.84841309999999,-69.7338345,-149.116446,-35.861383,rnn_param_matched
17,19,390,2560,99,11,-75.62909972727272,-68.331923,-149.116446,-35.861383,rnn_param_matched
18,20,390,2688,100,11,-75.62909972727272,-68.331923,-149.116446,-35.861383,rnn_param_matched
19,21,390,2816,72,11,-75.62909972727272,-68.331923,-149.116446,-35.861383,rnn_param_matched
20,22,390,2944,74,12,-76.44442558333333,-69.7338345,-149.116446,-35.861383,rnn_param_matched
21,23,390,3072,75,12,-76.44442558333333,-69.7338345,-149.116446,-35.861383,rnn_param_matched
22,24,390,3200,76,13,-74.94228515384614,-68.331923,-149.116446,-35.861383,rnn_param_matched
23,25,390,3328,77,14,-72.79098121428571,-65.8839445,-149.116446,-35.861383,rnn_param_matched
24,26,390,3456,78,15,-71.22631473333333,-63.435966,-149.116446,-35.861383,rnn_param_matched
25,27,390,3584,80,15,-71.22631473333333,-63.435966,-149.116446,-35.861383,rnn_param_matched
26,28,390,3712,81,16,-72.17520175,-65.8839445,-149.116446,-35.861383,rnn_param_matched
27,29,390,3840,82,16,-72.17520175,-65.8839445,-149.116446,-35.861383,rnn_param_matched
28,30,390,3968,83,17,-76.11456876470588,-68.331923,-149.116446,-35.861383,rnn_param_matched
29,31,390,4096,68,17,-76.11456876470588,-68.331923,-149.116446,-35.861383,rnn_param_matched
30,32,390,4224,69,17,-76.11456876470588,-68.331923,-149.116446,-35.861383,rnn_param_matched
31,33,390,4352,70,18,-77.1522601111111,-69.7338345,-149.116446,-35.861383,rnn_param_matched
32,34,390,4480,71,18,-77.1522601111111,-69.7338345,-149.116446,-35.861383,rnn_param_matched
33,35,390,4608,72,19,-79.53159342105262,-71.135746,-149.116446,-35.861383,rnn_param_matched
34,36,390,4736,73,19,-79.53159342105262,-71.135746,-149.116446,-35.861383,rnn_param_matched
35,37,390,4864,73,20,-78.04519839999999,-69.7338345,-149.116446,-35.861383,rnn_param_matched
36,38,390,4992,74,20,-78.04519839999999,-69.7338345,-149.116446,-35.861383,rnn_param_matched
37,39,390,5120,75,21,-77.16164423809523,-68.331923,-149.116446,-35.861383,rnn_param_matched
38,40,390,5248,76,21,-77.16164423809523,-68.331923,-149.116446,-35.861383,rnn_param_matched
39,41,390,5376,66,21,-77.16164423809523,-68.331923,-149.116446,-35.861383,rnn_param_matched
40,42,390,5504,67,22,-77.07641654545453,-69.7338345,-149.116446,-35.861383,rnn_param_matched
41,43,390,5632,68,22,-77.07641654545453,-69.7338345,-149.116446,-35.861383,rnn_param_matched
42,44,390,5760,68,23,-77.09942417391304,-71.135746,-149.116446,-35.861383,rnn_param_matched
43,45,390,5888,69,23,-77.09942417391304,-71.135746,-149.116446,-35.861383,rnn_param_matched
44,46,390,6016,70,24,-77.817082875,-73.0747275,-149.116446,-35.861383,rnn_param_matched
45,47,390,6144,71,24,-77.817082875,-73.0747275,-149.116446,-35.861383,rnn_param_matched
46,48,390,6272,71,24,-77.817082875,-73.0747275,-149.116446,-35.861383,rnn_param_matched
47,49,390,6400,72,25,-77.72623243999999,-75.013709,-149.116446,-35.861383,rnn_param_matched
48,50,390,6528,73,26,-77.63042011538461,-75.12441050000001,-149.116446,-35.861383,rnn_param_matched
49,51,390,6656,65,26,-77.63042011538461,-75.12441050000001,-149.116446,-35.861383,rnn_param_matched
50,52,390,6784,66,27,-77.01253025925925,-75.013709,-149.116446,-35.861383,rnn_param_matched
51,53,390,6912,67,27,-77.01253025925925,-75.013709,-149.116446,-35.861383,rnn_param_matched
52,54,390,7040,67,27,-77.01253025925925,-75.013709,-149.116446,-35.861383,rnn_param_matched
53,55,390,7168,68,28,-76.52008796428571,-73.0747275,-149.116446,-35.861383,rnn_param_matched
54,56,390,7296,68,28,-76.52008796428571,-73.0747275,-149.116446,-35.861383,rnn_param_matched
55,57,390,7424,69,29,-76.78834903448275,-75.013709,-149.116446,-35.861383,rnn_param_matched
56,58,390,7552,70,29,-76.78834903448275,-75.013709,-149.116446,-35.861383,rnn_param_matched
57,59,390,7680,70,30,-76.42412973333332,-73.0747275,-149.116446,-35.861383,rnn_param_matched
58,60,390,7808,71,30,-76.42412973333332,-73.0747275,-149.116446,-35.861383,rnn_param_matched
59,61,390,7936,68,30,-76.42412973333332,-73.0747275,-149.116446,-35.861383,rnn_param_matched
60,62,390,8064,69,31,-77.02161941935482,-75.013709,-149.116446,-35.861383,rnn_param_matched
61,63,390,8192,69,32,-77.03160859375001,-75.12441050000001,-149.116446,-35.861383,rnn_param_matched
62,64,390,8320,70,32,-77.03160859375001,-75.12441050000001,-149.116446,-35.861383,rnn_param_matched
63,65,390,8448,70,33,-77.52331057575759,-75.235112,-149.116446,-35.861383,rnn_param_matched
64,66,390,8576,71,33,-77.52331057575759,-75.235112,-149.116446,-35.861383,rnn_param_matched
65,67,390,8704,71,33,-77.52331057575759,-75.235112,-149.116446,-35.861383,rnn_param_matched
66,68,390,8832,72,35,-76.86553142857144,-75.235112,-149.116446,-35.861383,rnn_param_matched
67,69,390,8960,72,36,-76.08358969444446,-75.12441050000001,-149.116446,-35.861383,rnn_param_matched
68,70,390,9088,72,36,-76.08358969444446,-75.12441050000001,-149.116446,-35.861383,rnn_param_matched
69,71,390,9216,67,37,-76.53942454054054,-75.235112,-149.116446,-35.861383,rnn_param_matched
70,72,390,9344,67,37,-76.53942454054054,-75.235112,-149.116446,-35.861383,rnn_param_matched
71,73,390,9472,68,38,-76.6117260263158,-75.2608735,-149.116446,-35.861383,rnn_param_matched
72,74,390,9600,68,38,-76.6117260263158,-75.2608735,-149.116446,-35.861383,rnn_param_matched
73,75,390,9728,69,39,-76.79990653846154,-75.286635,-149.116446,-35.861383,rnn_param_matched
74,76,390,9856,69,39,-76.79990653846154,-75.286635,-149.116446,-35.861383,rnn_param_matched
75,77,390,9984,70,41,-76.76836109756098,-75.286635,-149.116446,-35.861383,rnn_param_matched
76,78,390,10112,70,42,-75.84430269047618,-75.2608735,-149.116446,-35.861383,rnn_param_matched
77,79,390,10240,70,42,-75.84430269047618,-75.2608735,-149.116446,-35.861383,rnn_param_matched
78,80,390,10368,71,43,-75.9396438139535,-75.286635,-149.116446,-35.861383,rnn_param_matched
79,81,390,10496,70,43,-75.9396438139535,-75.286635,-149.116446,-35.861383,rnn_param_matched
80,82,390,10624,70,44,-76.21427052272728,-75.4162285,-149.116446,-35.861383,rnn_param_matched
81,83,390,10752,71,44,-76.21427052272728,-75.4162285,-149.116446,-35.861383,rnn_param_matched
82,84,390,10880,71,45,-76.49813248888888,-75.545822,-149.116446,-35.861383,rnn_param_matched
83,85,390,11008,72,45,-76.49813248888888,-75.545822,-149.116446,-35.861383,rnn_param_matched
84,86,390,11136,72,46,-77.68283219565217,-76.4435475,-149.116446,-35.861383,rnn_param_matched
85,87,390,11264,72,46,-77.68283219565217,-76.4435475,-149.116446,-35.861383,rnn_param_matched
86,88,390,11392,73,47,-78.49928863829787,-77.341273,-149.116446,-35.861383,rnn_param_matched
87,89,390,11520,73,47,-78.49928863829787,-77.341273,-149.116446,-35.861383,rnn_param_matched
88,90,390,11648,74,47,-78.49928863829787,-77.341273,-149.116446,-35.861383,rnn_param_matched
89,91,390,11776,69,48,-78.70943372916666,-77.4734325,-149.116446,-35.861383,rnn_param_matched
90,92,390,11904,69,48,-78.70943372916666,-77.4734325,-149.116446,-35.861383,rnn_param_matched
91,93,390,12032,70,49,-78.45390108163265,-77.341273,-149.116446,-35.861383,rnn_param_matched
92,94,390,12160,70,49,-78.45390108163265,-77.341273,-149.116446,-35.861383,rnn_param_matched
93,95,390,12288,70,50,-78.7392454,-77.4734325,-149.116446,-35.861383,rnn_param_matched
94,96,390,12416,71,50,-78.7392454,-77.4734325,-149.116446,-35.861383,rnn_param_matched
95,97,390,12544,71,50,-78.7392454,-77.4734325,-149.116446,-35.861383,rnn_param_matched
96,98,390,12672,71,50,-79.21101864,-77.4734325,-149.116446,-37.957908,rnn_param_matched
97,99,390,12800,72,50,-79.21101864,-77.4734325,-149.116446,-37.957908,rnn_param_matched
98,100,390,12928,72,50,-78.97348452,-77.4734325,-149.116446,-37.957908,rnn_param_matched
99,101,390,13056,68,50,-78.97348452,-77.4734325,-149.116446,-37.957908,rnn_param_matched
100,102,390,13184,68,50,-79.03472336,-77.4734325,-149.116446,-37.957908,rnn_param_matched
101,103,390,13312,69,50,-79.03472336,-77.4734325,-149.116446,-37.957908,rnn_param_matched
102,104,390,13440,69,50,-79.03472336,-77.4734325,-149.116446,-37.957908,rnn_param_matched
103,105,390,13568,69,50,-77.5059559,-76.4435475,-139.144441,-37.957908,rnn_param_matched
104,106,390,13696,70,50,-77.5059559,-76.4435475,-139.144441,-37.957908,rnn_param_matched
105,107,390,13824,70,50,-77.28067716000001,-76.4435475,-139.144441,-37.957908,rnn_param_matched
106,108,390,13952,70,50,-77.28067716000001,-76.4435475,-139.144441,-37.957908,rnn_param_matched
107,109,390,14080,70,50,-76.65903156,-76.4435475,-139.144441,-37.957908,rnn_param_matched
108,110,390,14208,71,50,-76.65903156,-76.4435475,-139.144441,-37.957908,rnn_param_matched
109,111,390,14336,67,50,-76.65903156,-76.4435475,-139.144441,-37.957908,rnn_param_matched
110,112,390,14464,68,50,-75.46634358,-75.4162285,-139.144441,-37.957908,rnn_param_matched
111,113,390,14592,68,50,-75.46634358,-75.4162285,-139.144441,-37.957908,rnn_param_matched
112,114,390,14720,68,50,-75.29987088,-75.4162285,-139.144441,-37.957908,rnn_param_matched
113,115,390,14848,69,50,-75.29987088,-75.4162285,-139.144441,-37.957908,rnn_param_matched
114,116,390,14976,69,50,-74.85335398000001,-75.4162285,-139.144441,-37.957908,rnn_param_matched
115,117,390,15104,69,50,-74.85335398000001,-75.4162285,-139.144441,-37.957908,rnn_param_matched
116,118,390,15232,69,50,-74.85335398000001,-75.4162285,-139.144441,-37.957908,rnn_param_matched
117,119,390,15360,70,50,-74.87642654,-75.4162285,-139.144441,-37.957908,rnn_param_matched
118,120,390,15488,70,50,-74.87642654,-75.4162285,-139.144441,-37.957908,rnn_param_matched
119,121,390,15616,67,50,-74.53386296,-75.4162285,-139.144441,-37.957908,rnn_param_matched
120,122,390,15744,67,50,-74.53386296,-75.4162285,-139.144441,-37.957908,rnn_param_matched
121,123,390,15872,68,50,-74.53386296,-75.4162285,-139.144441,-37.957908,rnn_param_matched
122,124,390,16000,68,50,-73.89750314,-75.2608735,-139.144441,-37.957908,rnn_param_matched
123,125,390,16128,68,50,-73.89750314,-75.2608735,-139.144441,-37.957908,rnn_param_matched
124,126,390,16256,68,50,-74.07935993999999,-75.2608735,-139.144441,-37.957908,rnn_param_matched
125,127,390,16384,69,50,-74.07935993999999,-75.2608735,-139.144441,-37.957908,rnn_param_matched
126,128,390,16512,69,50,-74.01223962,-75.2608735,-139.144441,-37.957908,rnn_param_matched
127,129,390,16640,69,50,-74.01223962,-75.2608735,-139.144441,-37.957908,rnn_param_matched
128,130,390,16768,69,50,-74.01223962,-75.2608735,-139.144441,-37.957908,rnn_param_matched
129,131,390,16896,67,50,-74.02683172,-75.2608735,-139.144441,-37.957908,rnn_param_matched
130,132,390,17024,67,50,-74.02683172,-75.2608735,-139.144441,-37.957908,rnn_param_matched
131,133,390,17152,67,50,-73.30450674,-73.9565925,-139.144441,-37.957908,rnn_param_matched
132,134,390,17280,67,50,-73.30450674,-73.9565925,-139.144441,-37.957908,rnn_param_matched
133,135,390,17408,68,50,-71.60298508,-69.43320349999999,-130.994319,-37.957908,rnn_param_matched
134,136,390,17536,68,50,-71.60298508,-69.43320349999999,-130.994319,-37.957908,rnn_param_matched
135,137,390,17664,68,50,-71.60298508,-69.43320349999999,-130.994319,-37.957908,rnn_param_matched
136,138,390,17792,68,50,-71.18877584,-69.43320349999999,-130.994319,-37.957908,rnn_param_matched
137,139,390,17920,69,50,-71.18877584,-69.43320349999999,-130.994319,-37.957908,rnn_param_matched
138,140,390,18048,69,50,-69.50330088000001,-66.09888699999999,-130.994319,-37.957908,rnn_param_matched
139,141,390,18176,66,50,-69.50330088000001,-66.09888699999999,-130.994319,-37.957908,rnn_param_matched
140,142,390,18304,66,50,-69.89168572,-67.7056345,-130.994319,-37.957908,rnn_param_matched
141,143,390,18432,67,50,-69.89168572,-67.7056345,-130.994319,-37.957908,rnn_param_matched
142,144,390,18560,67,50,-69.89168572,-67.7056345,-130.994319,-37.957908,rnn_param_matched
143,145,390,18688,67,50,-70.72496238,-70.950504,-130.994319,-37.957908,rnn_param_matched
144,146,390,18816,67,50,-70.72496238,-70.950504,-130.994319,-37.957908,rnn_param_matched
145,147,390,18944,68,50,-70.29877374,-67.7056345,-130.994319,-37.957908,rnn_param_matched
146,148,390,19072,68,50,-70.29877374,-67.7056345,-130.994319,-37.957908,rnn_param_matched
147,149,390,19200,68,50,-70.11812842,-67.38083,-130.994319,-37.957908,rnn_param_matched
148,150,390,19328,68,50,-70.11812842,-67.38083,-130.994319,-37.957908,rnn_param_matched
149,151,390,19456,66,50,-70.11812842,-67.38083,-130.994319,-37.957908,rnn_param_matched
150,152,390,19584,66,50,-69.43475912,-66.09888699999999,-130.994319,-37.957908,rnn_param_matched
151,153,390,19712,66,50,-69.43475912,-66.09888699999999,-130.994319,-37.957908,rnn_param_matched
152,154,390,19840,66,50,-68.83668526,-65.93560500000001,-130.994319,-37.957908,rnn_param_matched
153,155,390,19968,67,50,-68.83668526,-65.93560500000001,-130.994319,-37.957908,rnn_param_matched
154,156,390,20096,67,50,-68.94618602,-65.93560500000001,-130.994319,-37.957908,rnn_param_matched
155,157,390,20224,67,50,-68.94618602,-65.93560500000001,-130.994319,-37.957908,rnn_param_matched
156,158,390,20352,67,50,-68.94618602,-65.93560500000001,-130.994319,-37.957908,rnn_param_matched
157,159,390,20480,68,50,-68.9390142,-65.93560500000001,-130.994319,-37.957908,rnn_param_matched
158,160,390,20608,68,50,-68.9390142,-65.93560500000001,-130.994319,-37.957908,rnn_param_matched
159,161,390,20736,66,50,-68.65363656000001,-65.93560500000001,-130.994319,-37.957908,rnn_param_matched
160,162,390,20864,66,50,-68.65363656000001,-65.93560500000001,-130.994319,-37.957908,rnn_param_matched
161,163,390,20992,66,50,-68.21261400000002,-64.6785065,-130.994319,-37.957908,rnn_param_matched
162,164,390,21120,66,50,-68.21261400000002,-64.6785065,-130.994319,-37.957908,rnn_param_matched
163,165,390,21248,66,50,-68.21261400000002,-64.6785065,-130.994319,-37.957908,rnn_param_matched
164,166,390,21376,67,50,-67.96063246,-63.153677,-130.994319,-37.957908,rnn_param_matched
165,167,390,21504,67,50,-67.96063246,-63.153677,-130.994319,-37.957908,rnn_param_matched
166,168,390,21632,67,50,-67.95746482,-63.153677,-130.994319,-37.957908,rnn_param_matched
167,169,390,21760,67,50,-67.95746482,-63.153677,-130.994319,-37.957908,rnn_param_matched
168,170,390,21888,67,50,-67.45065898000001,-62.530321,-130.994319,-37.957908,rnn_param_matched
169,171,390,22016,65,50,-67.45065898000001,-62.530321,-130.994319,-37.957908,rnn_param_matched
170,172,390,22144,65,50,-67.45065898000001,-62.530321,-130.994319,-37.957908,rnn_param_matched
171,173,390,22272,66,50,-67.16578172000001,-62.530321,-130.994319,-37.957908,rnn_param_matched
172,174,390,22400,66,50,-67.16578172000001,-62.530321,-130.994319,-37.957908,rnn_param_matched
173,175,390,22528,66,50,-66.86492126,-62.530321,-130.994319,-37.957908,rnn_param_matched
174,176,390,22656,66,50,-66.86492126,-62.530321,-130.994319,-37.957908,rnn_param_matched
175,177,390,22784,66,50,-66.96827392,-62.530321,-130.994319,-37.957908,rnn_param_matched
176,178,390,22912,67,50,-66.96827392,-62.530321,-130.994319,-37.957908,rnn_param_matched
177,179,390,23040,67,50,-66.96827392,-62.530321,-130.994319,-37.957908,rnn_param_matched
178,180,390,23168,67,50,-66.90553881999999,-62.530321,-130.994319,-37.957908,rnn_param_matched
179,181,390,23296,65,50,-66.90553881999999,-62.530321,-130.994319,-37.957908,rnn_param_matched
180,182,390,23424,65,50,-66.91079946,-62.530321,-130.994319,-37.957908,rnn_param_matched
181,183,390,23552,65,50,-66.91079946,-62.530321,-130.994319,-37.957908,rnn_param_matched
182,184,390,23680,66,50,-67.19376376000001,-62.530321,-130.994319,-37.957908,rnn_param_matched
183,185,390,23808,66,50,-67.19376376000001,-62.530321,-130.994319,-37.957908,rnn_param_matched
184,186,390,23936,66,50,-67.19376376000001,-62.530321,-130.994319,-37.957908,rnn_param_matched
185,187,390,24064,66,50,-66.39346228000001,-61.418667,-130.994319,-37.957908,rnn_param_matched
186,188,390,24192,66,50,-66.39346228000001,-61.418667,-130.994319,-37.957908,rnn_param_matched
187,189,390,24320,66,50,-66.09202476,-61.418667,-130.994319,-37.957908,rnn_param_matched
188,190,390,24448,67,50,-66.09202476,-61.418667,-130.994319,-37.957908,rnn_param_matched
189,191,390,24576,65,50,-66.53621840000001,-62.530321,-130.994319,-37.957908,rnn_param_matched
190,192,390,24704,65,50,-66.53621840000001,-62.530321,-130.994319,-37.957908,rnn_param_matched
191,193,390,24832,65,50,-66.53621840000001,-62.530321,-130.994319,-37.957908,rnn_param_matched
192,194,390,24960,65,50,-67.5701764,-63.153677,-130.994319,-38.085845,rnn_param_matched
193,195,390,25088,66,50,-67.5701764,-63.153677,-130.994319,-38.085845,rnn_param_matched
194,196,390,25216,66,50,-67.19247274,-62.530321,-130.994319,-38.085845,rnn_param_matched
195,197,390,25344,66,50,-67.19247274,-62.530321,-130.994319,-38.085845,rnn_param_matched
196,198,390,25472,66,50,-67.03326976,-62.530321,-130.994319,-38.085845,rnn_param_matched
197,199,390,25600,66,50,-67.03326976,-62.530321,-130.994319,-38.085845,rnn_param_matched
198,200,390,25728,66,50,-67.03326976,-62.530321,-130.994319,-38.085845,rnn_param_matched
199,201,390,25856,65,50,-66.15924532,-61.6536595,-130.994319,-38.085845,rnn_param_matched
200,202,390,25984,65,50,-66.15924532,-61.6536595,-130.994319,-38.085845,rnn_param_matched
201,203,390,26112,65,50,-64.38214698,-60.8237955,-116.056285,-38.085845,rnn_param_matched
202,204,390,26240,65,50,-64.38214698,-60.8237955,-116.056285,-38.085845,rnn_param_matched
203,205,390,26368,65,50,-62.96010134,-60.3717855,-101.154394,-38.085845,rnn_param_matched
204,206,390,26496,65,50,-62.96010134,-60.3717855,-101.154394,-38.085845,rnn_param_matched
205,207,390,26624,66,50,-62.96010134,-60.3717855,-101.154394,-38.085845,rnn_param_matched
206,208,390,26752,66,50,-62.89173996,-60.3717855,-101.154394,-38.085845,rnn_param_matched
207,209,390,26880,66,50,-62.89173996,-60.3717855,-101.154394,-38.085845,rnn_param_matched
208,210,390,27008,66,50,-62.47152966,-59.8024065,-101.154394,-38.085845,rnn_param_matched
209,211,390,27136,65,50,-62.47152966,-59.8024065,-101.154394,-38.085845,rnn_param_matched
210,212,390,27264,65,50,-61.83987162,-59.8024065,-101.154394,-38.085845,rnn_param_matched
211,213,390,27392,65,50,-61.83987162,-59.8024065,-101.154394,-38.085845,rnn_param_matched
212,214,390,27520,65,50,-61.83987162,-59.8024065,-101.154394,-38.085845,rnn_param_matched
213,215,390,27648,65,50,-61.701486460000005,-57.111563,-101.154394,-38.085845,rnn_param_matched
214,216,390,27776,65,50,-61.701486460000005,-57.111563,-101.154394,-38.085845,rnn_param_matched
215,217,390,27904,66,50,-61.35733756,-57.111563,-101.154394,-38.085845,rnn_param_matched
216,218,390,28032,66,50,-61.35733756,-57.111563,-101.154394,-38.085845,rnn_param_matched
217,219,390,28160,66,50,-61.31508828,-57.111563,-101.154394,-38.085845,rnn_param_matched
218,220,390,28288,66,50,-61.31508828,-57.111563,-101.154394,-38.085845,rnn_param_matched
219,221,390,28416,64,50,-61.31508828,-57.111563,-101.154394,-38.085845,rnn_param_matched
220,222,390,28544,65,50,-61.91558896000001,-57.111563,-102.703107,-38.085845,rnn_param_matched
221,223,390,28672,65,50,-61.91558896000001,-57.111563,-102.703107,-38.085845,rnn_param_matched
222,224,390,28800,65,50,-62.08746437999999,-58.60955,-102.703107,-38.085845,rnn_param_matched
223,225,390,28928,65,50,-62.08746437999999,-58.60955,-102.703107,-38.085845,rnn_param_matched
224,226,390,29056,65,50,-62.21748904,-58.60955,-102.703107,-38.085845,rnn_param_matched
225,227,390,29184,65,50,-62.21748904,-58.60955,-102.703107,-38.085845,rnn_param_matched
226,228,390,29312,65,50,-62.21748904,-58.60955,-102.703107,-38.085845,rnn_param_matched
227,229,390,29440,66,50,-62.70105678,-60.3717855,-102.703107,-38.085845,rnn_param_matched
228,230,390,29568,66,50,-62.70105678,-60.3717855,-102.703107,-38.085845,rnn_param_matched
229,231,390,29696,64,50,-62.5194687,-58.60955,-102.703107,-38.085845,rnn_param_matched
230,232,390,29824,64,50,-62.5194687,-58.60955,-102.703107,-38.085845,rnn_param_matched
231,233,390,29952,65,50,-63.42542718000001,-60.3717855,-102.703107,-38.085845,rnn_param_matched
232,234,390,30080,65,50,-63.42542718000001,-60.3717855,-102.703107,-38.085845,rnn_param_matched
233,235,390,30208,65,50,-63.42542718000001,-60.3717855,-102.703107,-38.085845,rnn_param_matched
234,236,390,30336,65,50,-63.69007602,-60.3717855,-102.703107,-38.085845,rnn_param_matched
235,237,390,30464,65,50,-63.69007602,-60.3717855,-102.703107,-38.085845,rnn_param_matched
236,238,390,30592,65,50,-64.08910010000001,-60.8237955,-102.703107,-38.085845,rnn_param_matched
237,239,390,30720,65,50,-64.08910010000001,-60.8237955,-102.703107,-38.085845,rnn_param_matched
238,240,390,30848,66,50,-64.42538562,-61.0985015,-102.703107,-38.085845,rnn_param_matched
239,241,390,30976,64,50,-64.42538562,-61.0985015,-102.703107,-38.085845,rnn_param_matched
240,242,390,31104,64,50,-64.42538562,-61.0985015,-102.703107,-38.085845,rnn_param_matched
241,243,390,31232,64,50,-64.86215431999999,-61.0985015,-102.703107,-38.085845,rnn_param_matched
242,244,390,31360,65,50,-64.86215431999999,-61.0985015,-102.703107,-38.085845,rnn_param_matched
243,245,390,31488,65,50,-66.27355080000001,-61.693373,-112.037838,-38.085845,rnn_param_matched
244,246,390,31616,65,50,-66.27355080000001,-61.693373,-112.037838,-38.085845,rnn_param_matched
245,247,390,31744,65,50,-66.75331784,-64.253761,-112.037838,-38.085845,rnn_param_matched
246,248,390,31872,65,50,-66.75331784,-64.253761,-112.037838,-38.085845,rnn_param_matched
247,249,390,32000,65,50,-66.75331784,-64.253761,-112.037838,-38.085845,rnn_param_matched
248,250,390,32128,65,50,-66.97673249999998,-64.253761,-112.037838,-38.085845,rnn_param_matched
249,251,390,32256,64,50,-66.97673249999998,-64.253761,-112.037838,-38.085845,rnn_param_matched
250,252,390,32384,64,50,-67.30441112,-66.39156349999999,-112.037838,-38.085845,rnn_param_matched
251,253,390,32512,64,50,-67.30441112,-66.39156349999999,-112.037838,-38.085845,rnn_param_matched
252,254,390,32640,64,50,-66.99612665999999,-64.253761,-112.037838,-38.085845,rnn_param_matched
253,255,390,32768,65,50,-66.99612665999999,-64.253761,-112.037838,-38.085845,rnn_param_matched
254,256,390,32896,65,50,-66.99612665999999,-64.253761,-112.037838,-38.085845,rnn_param_matched
255,257,390,33024,65,50,-67.58158754000002,-66.39156349999999,-112.037838,-42.139402,rnn_param_matched
256,258,390,33152,65,50,-67.58158754000002,-66.39156349999999,-112.037838,-42.139402,rnn_param_matched
257,259,390,33280,65,50,-67.48694276,-65.3748435,-112.037838,-42.139402,rnn_param_matched
258,260,390,33408,65,50,-67.48694276,-65.3748435,-112.037838,-42.139402,rnn_param_matched
259,261,390,33536,64,50,-66.40941407999999,-63.3696135,-112.037838,-42.139402,rnn_param_matched
260,262,390,33664,64,50,-66.40941407999999,-63.3696135,-112.037838,-42.139402,rnn_param_matched
261,263,390,33792,64,50,-66.40941407999999,-63.3696135,-112.037838,-42.139402,rnn_param_matched
262,264,390,33920,64,50,-66.69659218,-65.3748435,-112.037838,-42.139402,rnn_param_matched
263,265,390,34048,64,50,-66.69659218,-65.3748435,-112.037838,-42.139402,rnn_param_matched
264,266,390,34176,65,50,-66.7250623,-65.3748435,-112.037838,-42.139402,rnn_param_matched
265,267,390,34304,65,50,-66.7250623,-65.3748435,-112.037838,-42.139402,rnn_param_matched
266,268,390,34432,65,50,-66.64082583999999,-65.3748435,-112.037838,-42.139402,rnn_param_matched
267,269,390,34560,65,50,-66.64082583999999,-65.3748435,-112.037838,-42.139402,rnn_param_matched
268,270,390,34688,65,50,-66.64082583999999,-65.3748435,-112.037838,-42.139402,rnn_param_matched
269,271,390,34816,64,50,-67.14117628,-66.39156349999999,-112.037838,-42.139402,rnn_param_matched
270,272,390,34944,64,50,-67.14117628,-66.39156349999999,-112.037838,-42.139402,rnn_param_matched
271,273,390,35072,64,50,-67.46800252,-66.39156349999999,-112.037838,-42.139402,rnn_param_matched
272,274,390,35200,64,50,-67.46800252,-66.39156349999999,-112.037838,-42.139402,rnn_param_matched
273,275,390,35328,64,50,-67.15475842,-66.39156349999999,-112.037838,-42.139402,rnn_param_matched
274,276,390,35456,64,50,-67.15475842,-66.39156349999999,-112.037838,-42.139402,rnn_param_matched
275,277,390,35584,65,50,-67.15475842,-66.39156349999999,-112.037838,-42.139402,rnn_param_matched
276,278,390,35712,65,50,-68.17427538,-66.9415125,-112.037838,-42.139402,rnn_param_matched
277,279,390,35840,65,50,-68.17427538,-66.9415125,-112.037838,-42.139402,rnn_param_matched
278,280,390,35968,65,50,-68.7779857,-67.8474985,-112.037838,-42.139402,rnn_param_matched
279,281,390,36096,64,50,-68.7779857,-67.8474985,-112.037838,-42.139402,rnn_param_matched
280,282,390,36224,64,50,-69.14875628,-68.3550185,-112.037838,-42.139402,rnn_param_matched
281,283,390,36352,64,50,-69.14875628,-68.3550185,-112.037838,-42.139402,rnn_param_matched
282,284,390,36480,64,50,-69.14875628,-68.3550185,-112.037838,-42.139402,rnn_param_matched
283,285,390,36608,64,50,-68.60014124,-67.8474985,-112.037838,-42.139402,rnn_param_matched
284,286,390,36736,64,50,-68.60014124,-67.8474985,-112.037838,-42.139402,rnn_param_matched
285,287,390,36864,64,50,-69.02174316,-68.3550185,-112.037838,-42.139402,rnn_param_matched
286,288,390,36992,65,50,-69.21129231999998,-68.3550185,-112.037838,-42.139402,rnn_param_matched
287,289,390,37120,65,50,-69.27111787999998,-68.3550185,-112.037838,-42.139402,rnn_param_matched
288,290,390,37248,65,50,-69.27111787999998,-68.3550185,-112.037838,-42.139402,rnn_param_matched
289,291,390,37376,64,50,-69.91196359999999,-69.18538050000001,-112.037838,-42.139402,rnn_param_matched
290,292,390,37504,64,50,-69.91196359999999,-69.18538050000001,-112.037838,-42.139402,rnn_param_matched
291,293,390,37632,64,50,-71.09527836000001,-70.2030635,-112.037838,-42.139402,rnn_param_matched
292,294,390,37760,64,50,-71.09527836000001,-70.2030635,-112.037838,-42.139402,rnn_param_matched
293,295,390,37888,64,50,-70.65894838,-70.2030635,-112.037838,-42.139402,rnn_param_matched
294,296,390,38016,64,50,-70.65894838,-70.2030635,-112.037838,-42.139402,rnn_param_matched
295,297,390,38144,64,50,-70.65894838,-70.2030635,-112.037838,-42.139402,rnn_param_matched
296,298,390,38272,64,50,-70.2818954,-70.2030635,-112.037838,-42.139402,rnn_param_matched
297,299,390,38400,65,50,-70.2818954,-70.2030635,-112.037838,-42.139402,rnn_param_matched
298,300,390,38528,65,50,-71.59062458,-70.430792,-112.037838,-42.139402,rnn_param_matched
299,301,390,38656,64,50,-71.59062458,-70.430792,-112.037838,-42.139402,rnn_param_matched
300,302,390,38784,64,50,-71.56741052000001,-70.430792,-112.037838,-42.139402,rnn_param_matched
301,303,390,38912,64,50,-71.56741052000001,-70.430792,-112.037838,-42.139402,rnn_param_matched
302,304,390,39040,64,50,-71.56741052000001,-70.430792,-112.037838,-42.139402,rnn_param_matched
303,305,390,39168,64,50,-71.58267234,-70.430792,-112.037838,-42.139402,rnn_param_matched
304,306,390,39296,64,50,-71.58267234,-70.430792,-112.037838,-42.139402,rnn_param_matched
305,307,390,39424,64,50,-71.13419775999999,-70.2030635,-112.037838,-42.139402,rnn_param_matched
306,308,390,39552,64,50,-72.16498914,-70.430792,-112.598357,-42.139402,rnn_param_matched
307,309,390,39680,64,50,-72.16498914,-70.430792,-112.598357,-42.139402,rnn_param_matched
308,310,390,39808,65,50,-73.60948425999999,-70.430792,-152.287826,-42.139402,rnn_param_matched
309,311,390,39936,64,50,-73.60948425999999,-70.430792,-152.287826,-42.139402,rnn_param_matched
310,312,390,40064,64,50,-73.60948425999999,-70.430792,-152.287826,-42.139402,rnn_param_matched
311,313,390,40192,64,50,-75.17779263999999,-70.55597,-152.287826,-42.139402,rnn_param_matched
312,314,390,40320,64,50,-75.65334532,-70.55597,-152.287826,-44.926598,rnn_param_matched
313,315,390,40448,64,50,-77.25612173999998,-71.02783149999999,-152.287826,-44.926598,rnn_param_matched
314,316,390,40576,64,50,-77.25612173999998,-71.02783149999999,-152.287826,-44.926598,rnn_param_matched
315,317,390,40704,64,50,-77.14183945999999,-71.02783149999999,-152.287826,-44.926598,rnn_param_matched
316,318,390,40832,64,50,-77.27671444,-71.02783149999999,-152.287826,-44.926598,rnn_param_matched
317,319,390,40960,64,50,-77.27671444,-71.02783149999999,-152.287826,-44.926598,rnn_param_matched
318,320,390,41088,64,50,-77.7143504,-71.59861699999999,-152.287826,-44.926598,rnn_param_matched
319,321,390,41216,64,50,-77.7143504,-71.59861699999999,-152.287826,-44.926598,rnn_param_matched
320,322,390,41344,64,50,-79.78807182,-72.33147299999999,-156.216858,-44.926598,rnn_param_matched
321,323,390,41472,64,50,-79.51659878,-72.33147299999999,-156.216858,-44.926598,rnn_param_matched
322,324,390,41600,64,50,-79.51659878,-72.33147299999999,-156.216858,-44.926598,rnn_param_matched
323,325,390,41728,64,50,-81.78130758,-72.97140049999999,-161.695501,-44.926598,rnn_param_matched
324,326,390,41856,64,50,-81.78130758,-72.97140049999999,-161.695501,-44.926598,rnn_param_matched
325,327,390,41984,64,50,-81.537757,-72.97140049999999,-161.695501,-44.926598,rnn_param_matched
326,328,390,42112,64,50,-81.537757,-72.97140049999999,-161.695501,-44.926598,rnn_param_matched
327,329,390,42240,64,50,-81.68745699999998,-72.97140049999999,-161.695501,-44.926598,rnn_param_matched
328,330,390,42368,64,50,-81.68745699999998,-72.97140049999999,-161.695501,-44.926598,rnn_param_matched
329,331,390,42496,64,50,-81.68745699999998,-72.97140049999999,-161.695501,-44.926598,rnn_param_matched
330,332,390,42624,64,50,-82.56920738000001,-73.560009,-161.695501,-44.926598,rnn_param_matched
331,333,390,42752,64,50,-82.56920738000001,-73.560009,-161.695501,-44.926598,rnn_param_matched
332,334,390,42880,64,50,-82.26703063999997,-73.560009,-161.695501,-35.429464,rnn_param_matched
333,335,390,43008,64,50,-81.68148556,-72.97140049999999,-161.695501,-35.429464,rnn_param_matched
334,336,390,43136,64,50,-82.74702932,-73.560009,-161.695501,-35.429464,rnn_param_matched
335,337,390,43264,64,50,-82.74702932,-73.560009,-161.695501,-35.429464,rnn_param_matched
336,338,390,43392,64,50,-82.74702932,-73.560009,-161.695501,-35.429464,rnn_param_matched
337,339,390,43520,64,50,-82.04341558,-73.560009,-161.695501,-35.429464,rnn_param_matched
338,340,390,43648,65,50,-81.31446762,-73.560009,-161.695501,-35.429464,rnn_param_matched
339,341,390,43776,64,50,-81.07526414,-72.97140049999999,-161.695501,-35.429464,rnn_param_matched
340,342,390,43904,64,50,-80.69777682,-73.831762,-161.695501,-35.429464,rnn_param_matched
341,343,390,44032,64,50,-80.69777682,-73.831762,-161.695501,-35.429464,rnn_param_matched
342,344,390,44160,65,50,-80.98803538,-73.88185150000001,-161.695501,-35.429464,rnn_param_matched
343,345,390,44288,65,50,-81.08769242,-74.785714,-161.695501,-35.269132,rnn_param_matched
344,346,390,44416,65,50,-81.08769242,-74.785714,-161.695501,-35.269132,rnn_param_matched
345,347,390,44544,65,50,-82.62242986,-75.2897105,-161.695501,-35.269132,rnn_param_matched
346,348,390,44672,65,50,-82.62242986,-75.2897105,-161.695501,-35.269132,rnn_param_matched
347,349,390,44800,65,50,-82.80652749999999,-76.37877449999999,-161.695501,-35.269132,rnn_param_matched
348,350,390,44928,65,50,-83.25413656,-77.74525349999999,-161.695501,-35.269132,rnn_param_matched
349,351,390,45056,65,50,-83.3318946,-77.74525349999999,-161.695501,-35.269132,rnn_param_matched
350,352,390,45184,65,50,-83.3318946,-77.74525349999999,-161.695501,-35.269132,rnn_param_matched
351,353,390,45312,65,50,-83.02392812,-77.74525349999999,-161.695501,-35.269132,rnn_param_matched
352,354,390,45440,65,50,-83.2624291,-77.74525349999999,-161.695501,-35.269132,rnn_param_matched
353,355,390,45568,65,50,-80.90803306000001,-75.2897105,-161.695501,-33.831064,rnn_param_matched
354,356,390,45696,65,50,-80.53009128,-75.2897105,-161.695501,-33.831064,rnn_param_matched
355,357,390,45824,65,50,-80.53009128,-75.2897105,-161.695501,-33.831064,rnn_param_matched
356,358,390,45952,65,50,-80.53009128,-75.2897105,-161.695501,-33.831064,rnn_param_matched
357,359,390,46080,65,50,-80.0103055,-76.37877449999999,-161.695501,-33.831064,rnn_param_matched
358,360,390,46208,65,50,-80.0103055,-76.37877449999999,-161.695501,-33.831064,rnn_param_matched
359,361,390,46336,65,50,-79.42090866000001,-76.37877449999999,-161.695501,-33.831064,rnn_param_matched
360,362,390,46464,65,50,-79.42090866000001,-76.37877449999999,-161.695501,-33.831064,rnn_param_matched
361,363,390,46592,65,50,-79.5288235,-76.37877449999999,-161.695501,-33.831064,rnn_param_matched
362,364,390,46720,65,50,-79.5288235,-76.37877449999999,-161.695501,-33.831064,rnn_param_matched
363,365,390,46848,65,50,-80.53288722,-76.37877449999999,-161.695501,-33.831064,rnn_param_matched
364,366,390,46976,65,50,-80.26936246000001,-76.37877449999999,-161.695501,-33.831064,rnn_param_matched
365,367,390,47104,65,50,-80.26936246000001,-76.37877449999999,-161.695501,-33.831064,rnn_param_matched
366,368,390,47232,65,50,-81.3098547,-77.74525349999999,-161.695501,-33.831064,rnn_param_matched
367,369,390,47360,65,50,-81.3098547,-77.74525349999999,-161.695501,-33.831064,rnn_param_matched
368,370,390,47488,65,50,-82.18854069999999,-77.74525349999999,-161.695501,-33.831064,rnn_param_matched
369,371,390,47616,65,50,-82.18854069999999,-77.74525349999999,-161.695501,-33.831064,rnn_param_matched
370,372,390,47744,65,50,-81.89339365999999,-76.37877449999999,-161.695501,-33.831064,rnn_param_matched
371,373,390,47872,65,50,-81.97877498,-77.1489495,-161.695501,-33.831064,rnn_param_matched
372,374,390,48000,65,50,-81.88530412,-77.1489495,-161.695501,-33.831064,rnn_param_matched
373,375,390,48128,65,50,-75.82866996000001,-75.0689965,-161.695501,78.425187,rnn_param_matched
374,376,390,48256,65,50,-75.82866996000001,-75.0689965,-161.695501,78.425187,rnn_param_matched
375,377,390,48384,66,50,-73.96252488,-73.8644045,-161.695501,78.425187,rnn_param_matched
376,378,390,48512,66,50,-73.96252488,-73.8644045,-161.695501,78.425187,rnn_param_matched
377,379,390,48640,66,50,-73.2568226,-73.8644045,-161.695501,78.425187,rnn_param_matched
378,380,390,48768,66,50,-72.58086748,-72.304412,-161.695501,78.425187,rnn_param_matched
379,381,390,48896,66,50,-73.461734,-73.8644045,-161.695501,78.425187,rnn_param_matched
380,382,390,49024,66,50,-73.461734,-73.8644045,-161.695501,78.425187,rnn_param_matched
381,383,390,49152,66,50,-74.44944708000001,-73.8644045,-161.695501,78.425187,rnn_param_matched
382,384,390,49280,66,50,-74.44944708000001,-73.8644045,-161.695501,78.425187,rnn_param_matched
383,385,390,49408,66,50,-72.77429393999999,-72.8202285,-161.695501,78.425187,rnn_param_matched
384,386,390,49536,66,50,-73.30008602,-73.8644045,-161.695501,78.425187,rnn_param_matched
385,387,390,49664,66,50,-71.51082478,-72.8202285,-154.947798,78.425187,rnn_param_matched
386,388,390,49792,66,50,-71.53856581999999,-72.8202285,-154.947798,78.425187,rnn_param_matched
387,389,390,49920,66,50,-71.53856581999999,-72.8202285,-154.947798,78.425187,rnn_param_matched
0,2,390,384,0,2,-105.414766,-105.414766,-112.485086,-98.344446,mb_bpu
1,3,390,512,0,2,-105.414766,-105.414766,-112.485086,-98.344446,mb_bpu
2,4,390,640,0,2,-105.414766,-105.414766,-112.485086,-98.344446,mb_bpu
3,5,390,768,0,4,-85.38835925,-91.0337375,-112.485086,-47.000876,mb_bpu
4,6,390,896,0,4,-85.38835925,-91.0337375,-112.485086,-47.000876,mb_bpu
5,7,390,1024,0,5,-91.5757638,-98.344446,-116.325382,-47.000876,mb_bpu
6,8,390,1152,0,6,-86.03077416666666,-91.0337375,-116.325382,-47.000876,mb_bpu
7,9,390,1280,0,7,-80.40904942857142,-83.723029,-116.325382,-46.678701,mb_bpu
8,10,390,1408,0,8,-84.86904775000001,-91.0337375,-116.325382,-46.678701,mb_bpu
9,11,390,1536,0,8,-84.86904775000001,-91.0337375,-116.325382,-46.678701,mb_bpu
10,12,390,1664,0,8,-84.86904775000001,-91.0337375,-116.325382,-46.678701,mb_bpu
11,13,390,1792,0,9,-85.77338700000001,-93.008101,-116.325382,-46.678701,mb_bpu
12,14,390,1920,0,9,-85.77338700000001,-93.008101,-116.325382,-46.678701,mb_bpu
13,15,390,2048,0,10,-88.30347160000001,-95.6762735,-116.325382,-46.678701,mb_bpu
14,16,390,2176,0,11,-85.87399772727274,-93.008101,-116.325382,-46.678701,mb_bpu
15,17,390,2304,0,11,-85.87399772727274,-93.008101,-116.325382,-46.678701,mb_bpu
16,18,390,2432,0,12,-84.55578041666668,-88.365565,-116.325382,-46.678701,mb_bpu
17,19,390,2560,0,12,-84.55578041666668,-88.365565,-116.325382,-46.678701,mb_bpu
18,20,390,2688,0,12,-84.55578041666668,-88.365565,-116.325382,-46.678701,mb_bpu
19,21,390,2816,0,13,-85.29742646153846,-93.008101,-116.325382,-46.678701,mb_bpu
20,22,390,2944,0,13,-85.29742646153846,-93.008101,-116.325382,-46.678701,mb_bpu
21,23,390,3072,0,14,-85.63162407142856,-91.492147,-116.325382,-46.678701,mb_bpu
22,24,390,3200,0,15,-83.89735446666667,-89.976193,-116.325382,-46.678701,mb_bpu
23,25,390,3328,0,15,-83.89735446666667,-89.976193,-116.325382,-46.678701,mb_bpu
24,26,390,3456,0,16,-83.3252280625,-86.849611,-116.325382,-46.678701,mb_bpu
25,27,390,3584,0,17,-82.17653947058824,-83.723029,-116.325382,-46.678701,mb_bpu
26,28,390,3712,0,17,-82.17653947058824,-83.723029,-116.325382,-46.678701,mb_bpu
27,29,390,3840,0,18,-86.49525216666667,-86.849611,-159.913368,-46.678701,mb_bpu
28,30,390,3968,0,18,-86.49525216666667,-86.849611,-159.913368,-46.678701,mb_bpu
29,31,390,4096,0,18,-86.49525216666667,-86.849611,-159.913368,-46.678701,mb_bpu
30,32,390,4224,0,19,-85.52572400000001,-83.723029,-159.913368,-46.678701,mb_bpu
31,33,390,4352,0,19,-85.52572400000001,-83.723029,-159.913368,-46.678701,mb_bpu
32,34,390,4480,0,20,-86.3462714,-86.849611,-159.913368,-46.678701,mb_bpu
33,35,390,4608,0,20,-86.3462714,-86.849611,-159.913368,-46.678701,mb_bpu
34,36,390,4736,0,21,-86.11707671428573,-83.723029,-159.913368,-46.678701,mb_bpu
35,37,390,4864,0,21,-86.11707671428573,-83.723029,-159.913368,-46.678701,mb_bpu
36,38,390,4992,0,22,-88.63890386363637,-86.849611,-159.913368,-46.678701,mb_bpu
37,39,390,5120,0,22,-88.63890386363637,-86.849611,-159.913368,-46.678701,mb_bpu
38,40,390,5248,0,23,-88.17644760869567,-83.723029,-159.913368,-46.678701,mb_bpu
39,41,390,5376,0,23,-88.17644760869567,-83.723029,-159.913368,-46.678701,mb_bpu
40,42,390,5504,0,24,-88.945927375,-86.849611,-159.913368,-46.678701,mb_bpu
41,43,390,5632,0,24,-88.945927375,-86.849611,-159.913368,-46.678701,mb_bpu
42,44,390,5760,0,25,-87.82709935999999,-83.723029,-159.913368,-46.678701,mb_bpu
43,45,390,5888,0,25,-87.82709935999999,-83.723029,-159.913368,-46.678701,mb_bpu
44,46,390,6016,0,26,-88.00916388461539,-86.849611,-159.913368,-46.678701,mb_bpu
45,47,390,6144,0,27,-86.56705977777777,-83.723029,-159.913368,-46.678701,mb_bpu
46,48,390,6272,0,29,-84.28552548275863,-81.533183,-159.913368,-46.678701,mb_bpu
47,49,390,6400,0,29,-84.28552548275863,-81.533183,-159.913368,-46.678701,mb_bpu
48,50,390,6528,0,29,-84.28552548275863,-81.533183,-159.913368,-46.678701,mb_bpu
49,51,390,6656,0,31,-83.2409225483871,-81.533183,-159.913368,-46.678701,mb_bpu
50,52,390,6784,0,31,-83.2409225483871,-81.533183,-159.913368,-46.678701,mb_bpu
51,53,390,6912,0,32,-83.11909815625,-80.4378625,-159.913368,-46.678701,mb_bpu
52,54,390,7040,0,33,-83.82999293939395,-81.533183,-159.913368,-46.678701,mb_bpu
53,55,390,7168,0,34,-83.59259735294118,-80.4378625,-159.913368,-46.678701,mb_bpu
54,56,390,7296,0,34,-83.59259735294118,-80.4378625,-159.913368,-46.678701,mb_bpu
55,57,390,7424,0,35,-84.89567357142857,-81.533183,-159.913368,-46.678701,mb_bpu
56,58,390,7552,0,35,-84.89567357142857,-81.533183,-159.913368,-46.678701,mb_bpu
57,59,390,7680,0,36,-84.81805672222222,-81.817325,-159.913368,-46.678701,mb_bpu
58,60,390,7808,0,37,-84.90076697297297,-82.101467,-159.913368,-46.678701,mb_bpu
59,61,390,7936,0,37,-84.90076697297297,-82.101467,-159.913368,-46.678701,mb_bpu
60,62,390,8064,0,37,-84.90076697297297,-82.101467,-159.913368,-46.678701,mb_bpu
61,63,390,8192,0,38,-85.19134928947369,-82.912248,-159.913368,-46.678701,mb_bpu
62,64,390,8320,0,39,-85.31597930769232,-83.723029,-159.913368,-46.678701,mb_bpu
63,65,390,8448,0,39,-85.31597930769232,-83.723029,-159.913368,-46.678701,mb_bpu
64,66,390,8576,0,40,-86.74665585,-83.8177585,-159.913368,-46.678701,mb_bpu
65,67,390,8704,0,41,-85.62802048780489,-83.723029,-159.913368,-40.882606,mb_bpu
66,68,390,8832,0,41,-85.62802048780489,-83.723029,-159.913368,-40.882606,mb_bpu
67,69,390,8960,0,42,-86.4450922857143,-83.8177585,-159.913368,-40.882606,mb_bpu
68,70,390,9088,0,43,-85.86066055813954,-83.723029,-159.913368,-40.882606,mb_bpu
69,71,390,9216,0,43,-85.86066055813954,-83.723029,-159.913368,-40.882606,mb_bpu
70,72,390,9344,0,44,-85.96164711363636,-83.8177585,-159.913368,-40.882606,mb_bpu
71,73,390,9472,0,44,-85.96164711363636,-83.8177585,-159.913368,-40.882606,mb_bpu
72,74,390,9600,0,44,-85.96164711363636,-83.8177585,-159.913368,-40.882606,mb_bpu
73,75,390,9728,0,45,-86.1268662,-83.912488,-159.913368,-40.882606,mb_bpu
74,76,390,9856,0,46,-86.08903752173913,-84.1496175,-159.913368,-40.882606,mb_bpu
75,77,390,9984,0,48,-84.90050318750001,-83.8177585,-159.913368,-40.882606,mb_bpu
76,78,390,10112,0,49,-84.62476530612246,-83.723029,-159.913368,-40.882606,mb_bpu
77,79,390,10240,0,49,-84.62476530612246,-83.723029,-159.913368,-40.882606,mb_bpu
78,80,390,10368,0,50,-84.69814154000001,-83.8177585,-159.913368,-40.882606,mb_bpu
79,81,390,10496,0,50,-85.15623538000001,-83.8177585,-159.913368,-40.882606,mb_bpu
80,82,390,10624,0,50,-83.67313938000001,-82.912248,-159.913368,-38.330286,mb_bpu
81,83,390,10752,0,50,-83.67313938000001,-82.912248,-159.913368,-38.330286,mb_bpu
82,84,390,10880,0,50,-85.23094745999998,-83.0069775,-161.613433,-38.330286,mb_bpu
83,85,390,11008,0,50,-85.23094745999998,-83.0069775,-161.613433,-38.330286,mb_bpu
84,86,390,11136,0,50,-85.73255003999999,-83.0069775,-161.613433,-38.330286,mb_bpu
85,87,390,11264,0,50,-85.73255003999999,-83.0069775,-161.613433,-38.330286,mb_bpu
86,88,390,11392,0,50,-85.10447512,-83.0069775,-161.613433,-38.330286,mb_bpu
87,89,390,11520,0,50,-84.90445782,-83.0069775,-161.613433,-38.330286,mb_bpu
88,90,390,11648,0,50,-85.49907072,-83.0069775,-161.613433,-38.330286,mb_bpu
89,91,390,11776,0,50,-85.49907072,-83.0069775,-161.613433,-38.330286,mb_bpu
90,92,390,11904,0,50,-84.94912326000002,-83.0069775,-161.613433,-38.330286,mb_bpu
91,93,390,12032,0,50,-84.54321788000001,-81.817325,-161.613433,-38.330286,mb_bpu
92,94,390,12160,0,50,-84.54321788000001,-81.817325,-161.613433,-38.330286,mb_bpu
93,95,390,12288,0,50,-84.39528124,-81.817325,-161.613433,-38.330286,mb_bpu
94,96,390,12416,0,50,-83.38048613999999,-81.817325,-161.613433,-38.330286,mb_bpu
95,97,390,12544,0,50,-83.38048613999999,-81.817325,-161.613433,-38.330286,mb_bpu
96,98,390,12672,0,50,-83.38048613999999,-81.817325,-161.613433,-38.330286,mb_bpu
97,99,390,12800,0,50,-83.39704394,-81.817325,-161.613433,-38.330286,mb_bpu
98,100,390,12928,0,50,-82.76660076,-80.4378625,-161.613433,-38.330286,mb_bpu
99,101,390,13056,0,50,-83.02594538,-80.4378625,-161.613433,-38.330286,mb_bpu
100,102,390,13184,0,50,-83.02594538,-80.4378625,-161.613433,-38.330286,mb_bpu
101,103,390,13312,0,50,-83.57076076,-81.817325,-161.613433,-38.330286,mb_bpu
102,104,390,13440,0,50,-83.57076076,-81.817325,-161.613433,-38.330286,mb_bpu
103,105,390,13568,0,50,-83.86908143999999,-81.817325,-161.613433,-38.330286,mb_bpu
104,106,390,13696,0,50,-83.86908143999999,-81.817325,-161.613433,-38.330286,mb_bpu
105,107,390,13824,0,50,-83.13209142,-81.817325,-161.613433,-38.330286,mb_bpu
106,108,390,13952,0,50,-82.30681,-80.4378625,-161.613433,-38.330286,mb_bpu
107,109,390,14080,0,50,-82.30681,-80.4378625,-161.613433,-38.330286,mb_bpu
108,110,390,14208,0,50,-82.78319594,-80.7220045,-161.613433,-38.330286,mb_bpu
109,111,390,14336,0,50,-82.78319594,-80.7220045,-161.613433,-38.330286,mb_bpu
110,112,390,14464,0,50,-82.78319594,-80.7220045,-161.613433,-38.330286,mb_bpu
111,113,390,14592,0,50,-81.5282246,-79.0956245,-161.613433,-38.330286,mb_bpu
112,114,390,14720,0,50,-81.5282246,-79.0956245,-161.613433,-38.330286,mb_bpu
113,115,390,14848,0,50,-81.10829548000001,-79.0956245,-161.613433,-38.330286,mb_bpu
114,116,390,14976,0,50,-80.25028088,-78.7811315,-161.613433,-38.330286,mb_bpu
115,117,390,15104,0,50,-80.25028088,-78.7811315,-161.613433,-38.330286,mb_bpu
116,118,390,15232,0,50,-80.25028088,-78.7811315,-161.613433,-38.330286,mb_bpu
117,119,390,15360,0,50,-80.3603799,-78.7811315,-161.613433,-38.330286,mb_bpu
118,120,390,15488,0,50,-80.3603799,-78.7811315,-161.613433,-38.330286,mb_bpu
119,121,390,15616,0,50,-80.96993332,-79.0956245,-161.613433,-38.330286,mb_bpu
120,122,390,15744,0,50,-81.33621558,-79.0956245,-161.613433,-38.330286,mb_bpu
121,123,390,15872,0,50,-81.33621558,-79.0956245,-161.613433,-38.330286,mb_bpu
122,124,390,16000,0,50,-81.93183668000002,-79.0956245,-161.613433,-38.330286,mb_bpu
123,125,390,16128,0,50,-82.10764022,-79.0956245,-161.613433,-38.330286,mb_bpu
124,126,390,16256,0,50,-82.00759372,-78.7811315,-161.613433,-38.330286,mb_bpu
125,127,390,16384,0,50,-80.96977672000001,-77.561451,-161.613433,-38.330286,mb_bpu
126,128,390,16512,0,50,-80.74901444,-77.561451,-161.613433,-38.330286,mb_bpu
127,129,390,16640,0,50,-80.74901444,-77.561451,-161.613433,-38.330286,mb_bpu
128,130,390,16768,0,50,-81.0095998,-77.561451,-161.613433,-38.330286,mb_bpu
129,131,390,16896,0,50,-81.0095998,-77.561451,-161.613433,-38.330286,mb_bpu
130,132,390,17024,0,50,-80.90907434,-76.74226999999999,-161.613433,-38.330286,mb_bpu
131,133,390,17152,0,50,-80.47397652000001,-75.3747815,-161.613433,-38.330286,mb_bpu
132,134,390,17280,0,50,-80.47397652000001,-75.3747815,-161.613433,-38.330286,mb_bpu
133,135,390,17408,0,50,-80.19471336000001,-75.3747815,-161.613433,-38.330286,mb_bpu
134,136,390,17536,0,50,-80.19471336000001,-75.3747815,-161.613433,-38.330286,mb_bpu
135,137,390,17664,0,50,-79.75239852,-73.5265245,-161.613433,-38.330286,mb_bpu
136,138,390,17792,0,50,-79.2151125,-73.5265245,-161.613433,-38.330286,mb_bpu
137,139,390,17920,0,50,-79.2151125,-73.5265245,-161.613433,-38.330286,mb_bpu
138,140,390,18048,0,50,-79.81072788,-73.5265245,-161.613433,-38.330286,mb_bpu
139,141,390,18176,0,50,-79.81072788,-73.5265245,-161.613433,-38.330286,mb_bpu
140,142,390,18304,0,50,-79.06776870000002,-73.5265245,-161.613433,-38.330286,mb_bpu
141,143,390,18432,0,50,-79.06776870000002,-73.5265245,-161.613433,-38.330286,mb_bpu
142,144,390,18560,0,50,-79.06776870000002,-73.5265245,-161.613433,-38.330286,mb_bpu
143,145,390,18688,0,50,-79.20514778,-73.5265245,-161.613433,-38.330286,mb_bpu
144,146,390,18816,0,50,-78.55325429999999,-72.6488215,-161.613433,-38.330286,mb_bpu
145,147,390,18944,0,50,-79.14873222,-72.6488215,-161.613433,-38.330286,mb_bpu
146,148,390,19072,0,50,-79.14873222,-72.6488215,-161.613433,-38.330286,mb_bpu
147,149,390,19200,0,50,-79.41583196,-72.6488215,-161.613433,-38.330286,mb_bpu
148,150,390,19328,0,50,-79.22338322,-72.6488215,-161.613433,-38.330286,mb_bpu
149,151,390,19456,0,50,-79.2728593,-72.6488215,-161.613433,-38.330286,mb_bpu
150,152,390,19584,0,50,-79.06736752,-72.6488215,-161.613433,-38.330286,mb_bpu
151,153,390,19712,0,50,-77.3559536,-71.37219,-161.613433,-38.330286,mb_bpu
152,154,390,19840,0,50,-77.52657972000002,-71.37219,-161.613433,-38.912795,mb_bpu
153,155,390,19968,0,50,-77.52657972000002,-71.37219,-161.613433,-38.912795,mb_bpu
154,156,390,20096,0,50,-77.52657972000002,-71.37219,-161.613433,-38.912795,mb_bpu
155,157,390,20224,0,50,-76.87094844,-71.37219,-142.229533,-38.912795,mb_bpu
156,158,390,20352,0,50,-76.87094844,-71.37219,-142.229533,-38.912795,mb_bpu
157,159,390,20480,0,50,-76.17399886,-70.16127900000001,-142.229533,-38.912795,mb_bpu
158,160,390,20608,0,50,-76.17399886,-70.16127900000001,-142.229533,-38.912795,mb_bpu
159,161,390,20736,0,50,-76.17399886,-70.16127900000001,-142.229533,-38.912795,mb_bpu
160,162,390,20864,0,50,-77.17549858000001,-71.3489375,-142.229533,-38.912795,mb_bpu
161,163,390,20992,0,50,-77.17549858000001,-71.3489375,-142.229533,-38.912795,mb_bpu
162,164,390,21120,0,50,-76.66829204000001,-70.16127900000001,-142.229533,-38.912795,mb_bpu
163,165,390,21248,0,50,-76.66829204000001,-70.16127900000001,-142.229533,-38.912795,mb_bpu
164,166,390,21376,0,50,-76.84656623999999,-70.16127900000001,-142.229533,-38.912795,mb_bpu
165,167,390,21504,0,50,-75.77200851999999,-68.9213325,-142.229533,-38.912795,mb_bpu
166,168,390,21632,0,50,-75.77200851999999,-68.9213325,-142.229533,-38.912795,mb_bpu
167,169,390,21760,0,50,-77.86088927999998,-70.16127900000001,-143.356833,-40.335234,mb_bpu
168,170,390,21888,0,50,-77.22165247999999,-68.9213325,-143.356833,-40.335234,mb_bpu
169,171,390,22016,0,50,-77.22165247999999,-68.9213325,-143.356833,-40.335234,mb_bpu
170,172,390,22144,0,50,-77.22165247999999,-68.9213325,-143.356833,-40.335234,mb_bpu
171,173,390,22272,0,50,-77.31429113999998,-68.9213325,-143.356833,-40.335234,mb_bpu
172,174,390,22400,0,50,-77.31429113999998,-68.9213325,-143.356833,-40.335234,mb_bpu
173,175,390,22528,0,50,-76.50758468,-68.1293915,-143.356833,-40.335234,mb_bpu
174,176,390,22656,0,50,-77.31403374,-68.1293915,-143.356833,-40.335234,mb_bpu
175,177,390,22784,0,50,-75.4219093,-68.0057395,-143.356833,-40.335234,mb_bpu
176,178,390,22912,0,50,-75.4219093,-68.0057395,-143.356833,-40.335234,mb_bpu
177,179,390,23040,0,50,-76.09151116,-68.1293915,-143.356833,-40.335234,mb_bpu
178,180,390,23168,0,50,-76.09151116,-68.1293915,-143.356833,-40.335234,mb_bpu
179,181,390,23296,0,50,-76.64060636,-68.9213325,-143.356833,-40.335234,mb_bpu
180,182,390,23424,0,50,-76.64060636,-68.9213325,-143.356833,-40.335234,mb_bpu
181,183,390,23552,0,50,-76.42083769999999,-68.9213325,-143.356833,-40.335234,mb_bpu
182,184,390,23680,0,50,-76.42083769999999,-68.9213325,-143.356833,-40.335234,mb_bpu
183,185,390,23808,0,50,-76.42083769999999,-68.9213325,-143.356833,-40.335234,mb_bpu
184,186,390,23936,0,50,-78.07964292,-69.03122400000001,-150.391657,-40.335234,mb_bpu
185,187,390,24064,0,50,-78.2938047,-70.16127900000001,-150.391657,-40.335234,mb_bpu
186,188,390,24192,0,50,-78.2938047,-70.16127900000001,-150.391657,-40.335234,mb_bpu
187,189,390,24320,0,50,-77.98192506,-70.16127900000001,-150.391657,-40.335234,mb_bpu
188,190,390,24448,0,50,-78.68617408,-70.16127900000001,-150.391657,-40.335234,mb_bpu
189,191,390,24576,0,50,-78.64206107999999,-70.16127900000001,-150.391657,-40.335234,mb_bpu
190,192,390,24704,0,50,-78.64206107999999,-70.16127900000001,-150.391657,-40.335234,mb_bpu
191,193,390,24832,0,50,-78.709215,-70.864233,-150.391657,-40.335234,mb_bpu
192,194,390,24960,0,50,-78.709215,-70.864233,-150.391657,-40.335234,mb_bpu
193,195,390,25088,0,50,-79.82374022,-71.249044,-150.391657,-40.335234,mb_bpu
194,196,390,25216,0,50,-78.8329008,-70.864233,-150.391657,-40.335234,mb_bpu
195,197,390,25344,0,50,-79.78703982,-71.249044,-150.391657,-40.335234,mb_bpu
196,198,390,25472,0,50,-80.0158766,-71.249044,-150.391657,-40.335234,mb_bpu
197,199,390,25600,0,50,-79.83773478,-71.249044,-150.391657,-40.335234,mb_bpu
198,200,390,25728,0,50,-79.83773478,-71.249044,-150.391657,-40.335234,mb_bpu
199,201,390,25856,0,50,-80.73049658,-71.73374849999999,-150.391657,-40.335234,mb_bpu
200,202,390,25984,0,50,-80.73049658,-71.73374849999999,-150.391657,-40.335234,mb_bpu
201,203,390,26112,0,50,-79.6733465,-71.73374849999999,-150.391657,-40.335234,mb_bpu
202,204,390,26240,0,50,-79.39449404000001,-71.249044,-150.391657,-40.335234,mb_bpu
203,205,390,26368,0,50,-79.39449404000001,-71.249044,-150.391657,-40.335234,mb_bpu
204,206,390,26496,0,50,-79.08290410000001,-71.249044,-150.391657,-40.335234,mb_bpu
205,207,390,26624,0,50,-80.44680602,-71.249044,-150.391657,-40.335234,mb_bpu
206,208,390,26752,0,50,-81.32807816,-71.73374849999999,-150.391657,-40.335234,mb_bpu
207,209,390,26880,0,50,-79.87650423999999,-71.249044,-150.391657,-40.335234,mb_bpu
208,210,390,27008,0,50,-79.87650423999999,-71.249044,-150.391657,-40.335234,mb_bpu
209,211,390,27136,0,50,-80.56603052,-71.73374849999999,-150.391657,-40.335234,mb_bpu
210,212,390,27264,0,50,-80.56603052,-71.73374849999999,-150.391657,-40.335234,mb_bpu
211,213,390,27392,0,50,-82.01200972000001,-71.73374849999999,-155.096037,-40.335234,mb_bpu
212,214,390,27520,0,50,-82.01200972000001,-71.73374849999999,-155.096037,-40.335234,mb_bpu
213,215,390,27648,0,50,-82.5376684,-74.689437,-155.096037,-40.335234,mb_bpu
214,216,390,27776,0,50,-80.83524382,-71.73374849999999,-155.096037,-38.049173,mb_bpu
215,217,390,27904,0,50,-79.61575986,-71.249044,-155.096037,-36.767536,mb_bpu
216,218,390,28032,0,50,-79.61575986,-71.249044,-155.096037,-36.767536,mb_bpu
217,219,390,28160,0,50,-80.32270847999999,-71.73374849999999,-155.096037,-36.767536,mb_bpu
218,220,390,28288,0,50,-80.50575916000001,-71.73374849999999,-155.096037,-36.767536,mb_bpu
219,221,390,28416,0,50,-80.52650779999999,-71.73374849999999,-155.096037,-36.767536,mb_bpu
220,222,390,28544,0,50,-80.56748694,-71.87132,-155.096037,-36.767536,mb_bpu
221,223,390,28672,0,50,-80.88280766000001,-71.87132,-155.096037,-36.767536,mb_bpu
222,224,390,28800,0,50,-80.88280766000001,-71.87132,-155.096037,-36.767536,mb_bpu
223,225,390,28928,0,50,-81.44500813999998,-73.503058,-155.096037,-36.767536,mb_bpu
224,226,390,29056,0,50,-79.6457442,-71.87132,-155.096037,-36.767536,mb_bpu
225,227,390,29184,0,50,-79.6457442,-71.87132,-155.096037,-36.767536,mb_bpu
226,228,390,29312,0,50,-79.87200328,-71.87132,-155.096037,-36.767536,mb_bpu
227,229,390,29440,0,50,-79.97582849999999,-71.87132,-155.096037,-36.767536,mb_bpu
228,230,390,29568,0,50,-79.97582849999999,-71.87132,-155.096037,-36.767536,mb_bpu
229,231,390,29696,0,50,-80.41963636,-71.87132,-155.096037,-36.767536,mb_bpu
230,232,390,29824,0,50,-79.8523721,-71.57056850000001,-155.096037,-36.767536,mb_bpu
231,233,390,29952,0,50,-79.8523721,-71.57056850000001,-155.096037,-36.767536,mb_bpu
232,234,390,30080,0,50,-81.40297822,-73.339878,-155.096037,-36.767536,mb_bpu
233,235,390,30208,0,50,-81.40297822,-73.339878,-155.096037,-36.767536,mb_bpu
234,236,390,30336,0,50,-81.93067869999999,-73.339878,-155.096037,-36.767536,mb_bpu
235,237,390,30464,0,50,-81.93067869999999,-73.339878,-155.096037,-36.767536,mb_bpu
236,238,390,30592,0,50,-82.73267116000001,-76.157995,-155.096037,-36.767536,mb_bpu
237,239,390,30720,0,50,-82.73267116000001,-76.157995,-155.096037,-36.767536,mb_bpu
238,240,390,30848,0,50,-82.73949786000001,-76.157995,-155.096037,-36.767536,mb_bpu
239,241,390,30976,0,50,-82.51160183999998,-76.157995,-155.096037,-36.767536,mb_bpu
240,242,390,31104,0,50,-82.51160183999998,-76.157995,-155.096037,-36.767536,mb_bpu
241,243,390,31232,0,50,-82.51160183999998,-76.157995,-155.096037,-36.767536,mb_bpu
242,244,390,31360,0,50,-83.51026664000001,-80.107731,-155.096037,-36.767536,mb_bpu
243,245,390,31488,0,50,-82.91366528,-76.157995,-155.096037,-36.767536,mb_bpu
244,246,390,31616,0,50,-84.58486232,-80.107731,-155.096037,-36.767536,mb_bpu
245,247,390,31744,0,50,-84.13781811999999,-80.107731,-155.096037,-36.767536,mb_bpu
246,248,390,31872,0,50,-83.04918216000002,-76.157995,-155.096037,-36.767536,mb_bpu
247,249,390,32000,0,50,-85.02978426,-80.107731,-155.096037,-36.767536,mb_bpu
248,250,390,32128,0,50,-85.00740806,-79.548326,-155.096037,-36.767536,mb_bpu
249,251,390,32256,0,50,-84.28373278000001,-76.157995,-155.096037,-36.767536,mb_bpu
250,252,390,32384,0,50,-85.26829568000001,-76.157995,-155.096037,-36.767536,mb_bpu
251,253,390,32512,0,50,-83.90075502000002,-76.157995,-155.096037,-36.767536,mb_bpu
252,254,390,32640,0,50,-84.23693445999999,-79.548326,-155.096037,-36.767536,mb_bpu
253,255,390,32768,0,50,-83.73244254,-79.548326,-155.096037,-36.767536,mb_bpu
254,256,390,32896,0,50,-83.76197652,-79.548326,-155.096037,-36.767536,mb_bpu
255,257,390,33024,0,50,-83.76197652,-79.548326,-155.096037,-36.767536,mb_bpu
256,258,390,33152,0,50,-82.00060608,-73.339878,-155.096037,-36.767536,mb_bpu
257,259,390,33280,0,50,-81.51562466,-73.339878,-155.096037,-36.767536,mb_bpu
258,260,390,33408,0,50,-81.51562466,-73.339878,-155.096037,-36.767536,mb_bpu
259,261,390,33536,0,50,-81.51562466,-73.339878,-155.096037,-36.767536,mb_bpu
260,262,390,33664,0,50,-81.38791356,-73.339878,-155.096037,-36.767536,mb_bpu
261,263,390,33792,0,50,-81.38791356,-73.339878,-155.096037,-36.767536,mb_bpu
262,264,390,33920,0,50,-81.6253209,-73.339878,-155.096037,-36.767536,mb_bpu
263,265,390,34048,0,50,-81.6253209,-73.339878,-155.096037,-36.767536,mb_bpu
264,266,390,34176,0,50,-81.6253209,-73.339878,-155.096037,-36.767536,mb_bpu
265,267,390,34304,0,50,-81.61649641999999,-72.5020095,-155.096037,-36.767536,mb_bpu
266,268,390,34432,0,50,-81.61649641999999,-72.5020095,-155.096037,-36.767536,mb_bpu
267,269,390,34560,0,50,-81.61649641999999,-72.5020095,-155.096037,-36.767536,mb_bpu
268,270,390,34688,0,50,-81.36356874,-72.5020095,-155.096037,-36.767536,mb_bpu
269,271,390,34816,0,50,-81.36356874,-72.5020095,-155.096037,-36.767536,mb_bpu
270,272,390,34944,0,50,-82.15920958000001,-72.5020095,-155.096037,-36.767536,mb_bpu
271,273,390,35072,0,50,-83.96074168000001,-74.1337475,-155.096037,-36.767536,mb_bpu
272,274,390,35200,0,50,-83.96074168000001,-74.1337475,-155.096037,-36.767536,mb_bpu
273,275,390,35328,0,50,-84.6020378,-78.361947,-155.096037,-36.767536,mb_bpu
274,276,390,35456,0,50,-82.66552538,-74.1337475,-155.096037,-36.767536,mb_bpu
275,277,390,35584,0,50,-81.46552288,-72.5020095,-155.096037,-36.767536,mb_bpu
276,278,390,35712,0,50,-81.46552288,-72.5020095,-155.096037,-36.767536,mb_bpu
277,279,390,35840,0,50,-82.62911298,-74.1337475,-155.096037,-36.767536,mb_bpu
278,280,390,35968,0,50,-82.0167424,-73.9085195,-155.096037,-36.767536,mb_bpu
279,281,390,36096,0,50,-79.83661054,-72.5020095,-153.209176,-36.767536,mb_bpu
280,282,390,36224,0,50,-79.22405574000001,-70.893506,-153.209176,-36.767536,mb_bpu
281,283,390,36352,0,50,-79.17622684,-70.893506,-153.209176,-36.767536,mb_bpu
282,284,390,36480,0,50,-79.17622684,-70.893506,-153.209176,-36.767536,mb_bpu
283,285,390,36608,0,50,-80.63311606,-72.5020095,-153.209176,-36.767536,mb_bpu
284,286,390,36736,0,50,-80.63311606,-72.5020095,-153.209176,-36.767536,mb_bpu
285,287,390,36864,0,50,-81.02380718,-72.5020095,-153.209176,-37.926669,mb_bpu
286,288,390,36992,0,50,-80.38387836,-72.5020095,-153.209176,-37.926669,mb_bpu
287,289,390,37120,0,50,-79.3215057,-68.950045,-153.209176,-35.335721,mb_bpu
288,290,390,37248,0,50,-79.3215057,-68.950045,-153.209176,-35.335721,mb_bpu
289,291,390,37376,0,50,-79.51877134000001,-68.950045,-153.209176,-35.335721,mb_bpu
290,292,390,37504,0,50,-80.32288252000001,-73.9085195,-153.209176,-35.335721,mb_bpu
291,293,390,37632,0,50,-80.32288252000001,-73.9085195,-153.209176,-35.335721,mb_bpu
292,294,390,37760,0,50,-80.90285094000002,-73.9085195,-153.209176,-35.335721,mb_bpu
293,295,390,37888,0,50,-80.90285094000002,-73.9085195,-153.209176,-35.335721,mb_bpu
294,296,390,38016,0,50,-80.95324804,-73.9085195,-153.209176,-35.335721,mb_bpu
295,297,390,38144,0,50,-80.95324804,-73.9085195,-153.209176,-35.335721,mb_bpu
296,298,390,38272,0,50,-80.95324804,-73.9085195,-153.209176,-35.335721,mb_bpu
297,299,390,38400,0,50,-79.65573568,-73.9085195,-153.209176,-35.335721,mb_bpu
298,300,390,38528,0,50,-78.2230617,-68.950045,-153.209176,-35.335721,mb_bpu
299,301,390,38656,0,50,-79.27373822,-68.950045,-153.209176,-35.335721,mb_bpu
300,302,390,38784,0,50,-79.27373822,-68.950045,-153.209176,-35.335721,mb_bpu
301,303,390,38912,0,50,-79.27373822,-68.950045,-153.209176,-35.335721,mb_bpu
302,304,390,39040,0,50,-78.26602732,-68.950045,-153.209176,-35.335721,mb_bpu
303,305,390,39168,0,50,-78.26602732,-68.950045,-153.209176,-35.335721,mb_bpu
304,306,390,39296,0,50,-77.75818242,-66.4146185,-153.209176,-35.335721,mb_bpu
305,307,390,39424,0,50,-77.75818242,-66.4146185,-153.209176,-35.335721,mb_bpu
306,308,390,39552,0,50,-78.10529483999998,-70.7604525,-153.209176,-35.335721,mb_bpu
307,309,390,39680,0,50,-78.10529483999998,-70.7604525,-153.209176,-35.335721,mb_bpu
308,310,390,39808,0,50,-78.60236857999999,-70.7604525,-157.004007,-35.335721,mb_bpu
309,311,390,39936,0,50,-80.05292832,-73.9085195,-157.004007,-35.335721,mb_bpu
310,312,390,40064,0,50,-80.00616666,-73.9085195,-157.004007,-35.335721,mb_bpu
311,313,390,40192,0,50,-77.33146602000001,-66.14127450000001,-157.004007,-35.335721,mb_bpu
312,314,390,40320,0,50,-76.99633618,-66.14127450000001,-157.004007,-35.187105,mb_bpu
313,315,390,40448,0,50,-76.99633618,-66.14127450000001,-157.004007,-35.187105,mb_bpu
314,316,390,40576,0,50,-76.02459462,-66.14127450000001,-157.004007,-35.187105,mb_bpu
315,317,390,40704,0,50,-76.02459462,-66.14127450000001,-157.004007,-35.187105,mb_bpu
316,318,390,40832,0,50,-75.89916714,-66.14127450000001,-157.004007,-35.187105,mb_bpu
317,319,390,40960,0,50,-75.89916714,-66.14127450000001,-157.004007,-35.187105,mb_bpu
318,320,390,41088,0,50,-75.89916714,-66.14127450000001,-157.004007,-35.187105,mb_bpu
319,321,390,41216,0,50,-76.01213104,-66.14127450000001,-157.004007,-35.187105,mb_bpu
320,322,390,41344,0,50,-75.93905799999999,-66.14127450000001,-157.004007,-35.187105,mb_bpu
321,323,390,41472,0,50,-75.81505709999999,-66.14127450000001,-157.004007,-35.187105,mb_bpu
322,324,390,41600,0,50,-75.81505709999999,-66.14127450000001,-157.004007,-35.187105,mb_bpu
323,325,390,41728,0,50,-76.19920041999998,-70.7604525,-157.004007,-35.187105,mb_bpu
324,326,390,41856,0,50,-75.33216368000001,-70.7604525,-157.004007,-35.187105,mb_bpu
325,327,390,41984,0,50,-74.12139204,-66.14127450000001,-157.004007,-35.187105,mb_bpu
326,328,390,42112,0,50,-73.3402324,-63.161825500000006,-157.004007,-35.187105,mb_bpu
327,329,390,42240,0,50,-72.40752346000001,-59.450054,-157.004007,-35.187105,mb_bpu
328,330,390,42368,0,50,-70.73553398000001,-55.8665415,-157.004007,-35.187105,mb_bpu
329,331,390,42496,0,50,-70.73553398000001,-55.8665415,-157.004007,-35.187105,mb_bpu
330,332,390,42624,0,50,-69.5043236,-55.8665415,-157.004007,-35.187105,mb_bpu
331,333,390,42752,0,50,-69.14205814,-55.8665415,-157.004007,-35.187105,mb_bpu
332,334,390,42880,0,50,-69.16225848,-55.8665415,-157.004007,-35.187105,mb_bpu
333,335,390,43008,0,50,-68.49635872,-55.8665415,-157.004007,-35.187105,mb_bpu
334,336,390,43136,0,50,-68.49635872,-55.8665415,-157.004007,-35.187105,mb_bpu
335,337,390,43264,0,50,-68.49635872,-55.8665415,-157.004007,-35.187105,mb_bpu
336,338,390,43392,0,50,-68.53431598,-55.8665415,-157.004007,-35.187105,mb_bpu
337,339,390,43520,0,50,-69.72535294000001,-55.8665415,-157.004007,-35.187105,mb_bpu
338,340,390,43648,0,50,-69.72535294000001,-55.8665415,-157.004007,-35.187105,mb_bpu
339,341,390,43776,0,50,-69.72535294000001,-55.8665415,-157.004007,-35.187105,mb_bpu
340,342,390,43904,0,50,-70.01340134,-59.450054,-157.004007,-35.187105,mb_bpu
341,343,390,44032,0,50,-70.10944598,-59.450054,-157.004007,-35.187105,mb_bpu
342,344,390,44160,0,50,-68.78679766,-55.4966045,-157.004007,-35.187105,mb_bpu
343,345,390,44288,0,50,-68.78679766,-55.4966045,-157.004007,-35.187105,mb_bpu
344,346,390,44416,0,50,-69.39586951999999,-59.450054,-157.004007,-34.126894,mb_bpu
345,347,390,44544,0,50,-69.51839183999999,-59.450054,-157.004007,-34.126894,mb_bpu
346,348,390,44672,0,50,-70.39342288,-63.3808045,-157.004007,-34.126894,mb_bpu
347,349,390,44800,0,50,-70.62676493999999,-63.3808045,-157.004007,-34.126894,mb_bpu
348,350,390,44928,0,50,-70.34465458000001,-63.3808045,-157.004007,-34.126894,mb_bpu
349,351,390,45056,0,50,-70.34465458000001,-63.3808045,-157.004007,-34.126894,mb_bpu
350,352,390,45184,0,50,-70.44964682000001,-63.3808045,-157.004007,-34.126894,mb_bpu
351,353,390,45312,0,50,-69.14182403999999,-59.503146,-157.004007,-34.126894,mb_bpu
352,354,390,45440,0,50,-67.30630701999999,-56.687072,-157.004007,-34.126894,mb_bpu
353,355,390,45568,0,50,-67.30630701999999,-56.687072,-157.004007,-34.126894,mb_bpu
354,356,390,45696,0,50,-67.23424698000001,-56.687072,-157.004007,-34.126894,mb_bpu
355,357,390,45824,0,50,-67.23424698000001,-56.687072,-157.004007,-34.126894,mb_bpu
356,358,390,45952,0,50,-67.23424698000001,-56.687072,-157.004007,-34.126894,mb_bpu
357,359,390,46080,0,50,-68.38776062,-59.503146,-157.004007,-34.126894,mb_bpu
358,360,390,46208,0,50,-68.38776062,-59.503146,-157.004007,-34.126894,mb_bpu
359,361,390,46336,0,50,-68.27334148,-63.3808045,-157.004007,-34.126894,mb_bpu
360,362,390,46464,0,50,-67.50003382000001,-59.503146,-157.004007,-34.126894,mb_bpu
361,363,390,46592,0,50,-67.38510424,-59.503146,-157.004007,-34.126894,mb_bpu
362,364,390,46720,0,50,-66.2318024,-55.4966045,-157.004007,-34.126894,mb_bpu
363,365,390,46848,0,50,-64.6930141,-55.4966045,-129.119361,-34.126894,mb_bpu
364,366,390,46976,0,50,-63.801620500000006,-55.4966045,-129.119361,-34.126894,mb_bpu
365,367,390,47104,0,50,-64.11650037999999,-55.4966045,-129.119361,-34.126894,mb_bpu
366,368,390,47232,0,50,-64.11650037999999,-55.4966045,-129.119361,-34.126894,mb_bpu
367,369,390,47360,0,50,-64.88967284,-56.687072,-129.119361,-34.126894,mb_bpu
368,370,390,47488,0,50,-64.97587612,-56.687072,-129.119361,-34.126894,mb_bpu
369,371,390,47616,0,50,-64.97587612,-56.687072,-129.119361,-34.126894,mb_bpu
370,372,390,47744,0,50,-66.45309028000001,-60.6178225,-129.119361,-34.126894,mb_bpu
371,373,390,47872,0,50,-66.52323352,-60.6178225,-129.119361,-34.126894,mb_bpu
372,374,390,48000,0,50,-65.23145077999999,-56.687072,-129.119361,-34.126894,mb_bpu
373,375,390,48128,0,50,-62.6429373,-56.687072,-129.119361,81.989124,mb_bpu
374,376,390,48256,0,50,-63.12179702,-57.047659,-129.119361,81.989124,mb_bpu
375,377,390,48384,0,50,-64.7727624,-60.9253175,-139.182249,81.989124,mb_bpu
376,378,390,48512,0,50,-64.02245228,-57.047659,-139.182249,81.989124,mb_bpu
377,379,390,48640,0,50,-63.05626646,-55.5496965,-139.182249,81.989124,mb_bpu
378,380,390,48768,0,50,-63.05626646,-55.5496965,-139.182249,81.989124,mb_bpu
379,381,390,48896,0,50,-64.95173674,-57.047659,-148.871451,81.989124,mb_bpu
380,382,390,49024,0,50,-65.3586558,-60.9253175,-148.871451,81.989124,mb_bpu
381,383,390,49152,0,50,-66.18828574,-64.5566195,-148.871451,81.989124,mb_bpu
382,384,390,49280,0,50,-65.94135385999999,-64.5566195,-148.871451,81.989124,mb_bpu
383,385,390,49408,0,50,-66.36908764,-65.06643249999999,-148.871451,81.989124,mb_bpu
384,386,390,49536,0,50,-67.05294572,-66.384991,-148.871451,81.989124,mb_bpu
385,387,390,49664,0,50,-67.05294572,-66.384991,-148.871451,81.989124,mb_bpu
386,388,390,49792,0,50,-67.09357059999999,-66.384991,-148.871451,81.989124,mb_bpu
387,389,390,49920,0,50,-67.09357059999999,-66.384991,-148.871451,81.989124,mb_bpu
