axis,model,seed,train_recurrent,runtime,lr,rho,wd,test_acc,val_acc,peak_val,epochs_ran,chance,N,build_s,train_s
lr,degree_preserving_random,0,trainable,sparse,0.0003,0.95,0.0,0.193,0.2033,0.2033,200,0.0312,14025,6.9,866.7
lr,degree_preserving_random,1,trainable,sparse,0.0003,0.95,0.0,0.1943,0.2025,0.2025,200,0.0312,14025,7.0,2134.2
lr,degree_preserving_random,0,trainable,sparse,0.001,0.95,0.0,0.4337,0.4332,0.4332,200,0.0312,14025,6.9,13051.0
lr,degree_preserving_random,1,trainable,sparse,0.001,0.95,0.0,0.1916,0.2046,0.2046,119,0.0312,14025,7.0,515.9
lr,degree_preserving_random,0,trainable,sparse,0.003,0.95,0.0,0.1888,0.1946,0.1946,78,0.0312,14025,6.9,1971.2
lr,degree_preserving_random,1,trainable,sparse,0.003,0.95,0.0,0.1873,0.1931,0.1931,76,0.0312,14025,7.0,329.3
lr,degree_preserving_random,0,trainable,sparse,0.01,0.95,0.0,0.1133,0.1221,0.1221,178,0.0312,14025,6.9,770.9
lr,degree_preserving_random,1,trainable,sparse,0.01,0.95,0.0,0.136,0.1454,0.1454,93,0.0312,14025,7.0,403.4
lr,degree_preserving_random,0,trainable,sparse,0.03,0.95,0.0,0.0277,0.038,0.038,91,0.0312,14025,6.9,394.0
lr,degree_preserving_random,1,trainable,sparse,0.03,0.95,0.0,0.0298,0.037,0.037,72,0.0312,14025,7.0,312.2
lr,hemibrain_seeded,0,trainable,sparse,0.0003,0.95,0.0,0.1976,0.2099,0.2099,134,0.0312,14025,0.1,583.1
lr,hemibrain_seeded,1,trainable,sparse,0.0003,0.95,0.0,0.1996,0.2094,0.2094,111,0.0312,14025,1.2,482.9
lr,hemibrain_seeded,0,trainable,sparse,0.001,0.95,0.0,0.6514,0.6512,0.6512,200,0.0312,14025,0.1,3488.0
lr,hemibrain_seeded,1,trainable,sparse,0.001,0.95,0.0,0.7654,0.7695,0.7695,200,0.0312,14025,1.2,866.0
lr,hemibrain_seeded,0,trainable,sparse,0.003,0.95,0.0,0.6593,0.6756,0.6756,200,0.0312,14025,0.1,873.7
lr,hemibrain_seeded,1,trainable,sparse,0.003,0.95,0.0,0.5731,0.5721,0.5721,200,0.0312,14025,1.2,865.8
lr,hemibrain_seeded,0,trainable,sparse,0.01,0.95,0.0,0.1634,0.177,0.177,90,0.0312,14025,0.1,390.2
lr,hemibrain_seeded,1,trainable,sparse,0.01,0.95,0.0,0.172,0.1756,0.1756,72,0.0312,14025,1.2,311.7
lr,hemibrain_seeded,0,trainable,sparse,0.03,0.95,0.0,0.0372,0.0402,0.0402,44,0.0312,14025,0.1,190.8
lr,hemibrain_seeded,1,trainable,sparse,0.03,0.95,0.0,0.0361,0.0394,0.0394,47,0.0312,14025,1.2,204.0
lr,random_sparse,0,trainable,sparse,0.0003,0.95,0.0,0.2002,0.2114,0.2114,108,0.0312,14025,1.5,470.4
lr,random_sparse,1,trainable,sparse,0.0003,0.95,0.0,0.2063,0.2162,0.2162,169,0.0312,14025,0.3,733.7
lr,random_sparse,0,trainable,sparse,0.001,0.95,0.0,0.197,0.2091,0.2091,78,0.0312,14025,1.5,338.3
lr,random_sparse,1,trainable,sparse,0.001,0.95,0.0,0.2075,0.2146,0.2146,76,0.0312,14025,0.3,329.9
lr,random_sparse,0,trainable,sparse,0.003,0.95,0.0,0.1949,0.2036,0.2036,74,0.0312,14025,1.5,12505.3
lr,random_sparse,1,trainable,sparse,0.003,0.95,0.0,0.198,0.2043,0.2043,73,0.0312,14025,0.3,316.7
lr,random_sparse,0,trainable,sparse,0.01,0.95,0.0,0.0286,0.0366,0.0366,70,0.0312,14025,1.5,304.1
lr,random_sparse,1,trainable,sparse,0.01,0.95,0.0,0.0335,0.0359,0.0359,47,0.0312,14025,0.3,203.9
lr,random_sparse,0,trainable,sparse,0.03,0.95,0.0,0.0277,0.038,0.038,91,0.0312,14025,1.5,394.3
lr,random_sparse,1,trainable,sparse,0.03,0.95,0.0,0.0298,0.037,0.037,72,0.0312,14025,0.3,312.4
lr,spectrum_full,0,trainable,dense,0.0003,0.95,0.0,0.1571,0.1597,0.1597,63,0.0312,14025,219.1,651.5
lr,spectrum_full,1,trainable,dense,0.0003,0.95,0.0,0.1612,0.1641,0.1641,57,0.0312,14025,439.7,592.0
lr,spectrum_full,0,trainable,dense,0.001,0.95,0.0,0.1471,0.1568,0.1568,76,0.0312,14025,219.1,781.3
lr,spectrum_full,1,trainable,dense,0.001,0.95,0.0,0.1521,0.1578,0.1578,85,0.0312,14025,439.7,870.7
lr,spectrum_full,0,trainable,dense,0.003,0.95,0.0,0.0313,0.0367,0.0367,45,0.0312,14025,219.1,471.7
lr,spectrum_full,1,trainable,dense,0.003,0.95,0.0,0.0288,0.0366,0.0366,72,0.0312,14025,439.7,740.3
lr,spectrum_full,0,trainable,dense,0.01,0.95,0.0,0.0313,0.0367,0.0367,45,0.0312,14025,219.1,471.9
lr,spectrum_full,1,trainable,dense,0.01,0.95,0.0,0.0288,0.0366,0.0366,72,0.0312,14025,439.7,740.4
lr,spectrum_full,0,trainable,dense,0.03,0.95,0.0,0.0313,0.0367,0.0367,45,0.0312,14025,219.1,472.4
lr,spectrum_full,1,trainable,dense,0.03,0.95,0.0,0.0288,0.0366,0.0366,72,0.0312,14025,439.7,740.2
lr,spectrum_topk,0,trainable,dense,0.0003,0.95,0.0,0.1589,0.165,0.165,59,0.0312,14025,4339.9,618.3
lr,spectrum_topk,1,trainable,dense,0.0003,0.95,0.0,0.1537,0.1606,0.1606,68,0.0312,14025,3945.4,701.3
lr,spectrum_topk,0,trainable,dense,0.001,0.95,0.0,0.1543,0.1571,0.1571,71,0.0312,14025,4339.9,731.7
lr,spectrum_topk,1,trainable,dense,0.001,0.95,0.0,0.1541,0.159,0.159,74,0.0312,14025,3945.4,761.2
lr,spectrum_topk,0,trainable,dense,0.003,0.95,0.0,0.0313,0.0367,0.0367,45,0.0312,14025,4339.9,472.7
lr,spectrum_topk,1,trainable,dense,0.003,0.95,0.0,0.0288,0.0366,0.0366,72,0.0312,14025,3945.4,740.1
lr,spectrum_topk,0,trainable,dense,0.01,0.95,0.0,0.0313,0.0367,0.0367,45,0.0312,14025,4339.9,472.6
lr,spectrum_topk,1,trainable,dense,0.01,0.95,0.0,0.0288,0.0366,0.0366,72,0.0312,14025,3945.4,740.0
lr,spectrum_topk,0,trainable,dense,0.03,0.95,0.0,0.0313,0.0367,0.0367,45,0.0312,14025,4339.9,472.6
lr,spectrum_topk,1,trainable,dense,0.03,0.95,0.0,0.0288,0.0366,0.0366,72,0.0312,14025,3945.4,740.1
lr,weight_shuffle,0,trainable,sparse,0.0003,0.95,0.0,0.193,0.2053,0.2053,141,0.0312,14025,0.1,612.2
lr,weight_shuffle,1,trainable,sparse,0.0003,0.95,0.0,0.197,0.2114,0.2114,108,0.0312,14025,0.3,468.2
lr,weight_shuffle,0,trainable,sparse,0.001,0.95,0.0,0.7611,0.7714,0.7714,200,0.0312,14025,0.1,1110.0
lr,weight_shuffle,1,trainable,sparse,0.001,0.95,0.0,0.742,0.7543,0.7543,200,0.0312,14025,0.3,876.7
lr,weight_shuffle,0,trainable,sparse,0.003,0.95,0.0,0.5192,0.5328,0.5328,200,0.0312,14025,0.1,871.3
lr,weight_shuffle,1,trainable,sparse,0.003,0.95,0.0,0.3945,0.4202,0.4202,200,0.0312,14025,0.3,866.3
lr,weight_shuffle,0,trainable,sparse,0.01,0.95,0.0,0.1843,0.1904,0.1904,94,0.0312,14025,0.1,407.9
lr,weight_shuffle,1,trainable,sparse,0.01,0.95,0.0,0.1546,0.1647,0.1647,111,0.0312,14025,0.3,480.8
lr,weight_shuffle,0,trainable,sparse,0.03,0.95,0.0,0.0277,0.038,0.038,91,0.0312,14025,0.1,396.8
lr,weight_shuffle,1,trainable,sparse,0.03,0.95,0.0,0.0302,0.0378,0.0378,72,0.0312,14025,0.3,312.0
