io,arm,seed,val_acc,test_acc_overall,test_macro_f1,test_acc_mean_per_batch,per_batch,wall_s
bio,connectome,0,0.9842,0.5495,0.5225,0.5979,"{""3"": 0.8953, ""4"": 0.7578, ""5"": 0.8477, ""6"": 0.6757, ""7"": 0.4456, ""8"": 0.2755, ""9"": 0.4553, ""10"": 0.43}",45.1
bio,connectome,1,0.9881,0.5717,0.5616,0.6279,"{""3"": 0.8953, ""4"": 0.7702, ""5"": 0.8883, ""6"": 0.6357, ""7"": 0.5262, ""8"": 0.3946, ""9"": 0.4787, ""10"": 0.4344}",39.3
bio,connectome,2,0.9842,0.4952,0.4965,0.5651,"{""3"": 0.8733, ""4"": 0.8199, ""5"": 0.9188, ""6"": 0.6578, ""7"": 0.3847, ""8"": 0.1837, ""9"": 0.3383, ""10"": 0.3439}",5.8
bio,connectome,3,0.9842,0.5455,0.5168,0.6015,"{""3"": 0.8619, ""4"": 0.677, ""5"": 0.8629, ""6"": 0.6487, ""7"": 0.4464, ""8"": 0.4116, ""9"": 0.466, ""10"": 0.4378}",6.1
bio,connectome,4,0.9921,0.5536,0.5575,0.6063,"{""3"": 0.9168, ""4"": 0.7578, ""5"": 0.8731, ""6"": 0.6613, ""7"": 0.4736, ""8"": 0.3061, ""9"": 0.4489, ""10"": 0.4125}",6.7
bio,connectome,5,0.9723,0.52,0.5066,0.5939,"{""3"": 0.8499, ""4"": 0.7329, ""5"": 0.8579, ""6"": 0.63, ""7"": 0.421, ""8"": 0.3061, ""9"": 0.566, ""10"": 0.3872}",5.3
bio,degree,0,0.9842,0.5722,0.5437,0.6428,"{""3"": 0.9388, ""4"": 0.8137, ""5"": 0.9289, ""6"": 0.6983, ""7"": 0.4583, ""8"": 0.3639, ""9"": 0.5, ""10"": 0.4406}",5.3
bio,degree,1,0.9723,0.5234,0.483,0.6009,"{""3"": 0.9149, ""4"": 0.8199, ""5"": 0.9137, ""6"": 0.6009, ""7"": 0.403, ""8"": 0.2789, ""9"": 0.4596, ""10"": 0.4161}",4.6
bio,degree,2,0.9684,0.4711,0.4474,0.5278,"{""3"": 0.8392, ""4"": 0.6087, ""5"": 0.934, ""6"": 0.6635, ""7"": 0.3308, ""8"": 0.1565, ""9"": 0.3532, ""10"": 0.3364}",4.1
bio,degree,3,0.9802,0.5928,0.5476,0.6541,"{""3"": 0.9571, ""4"": 0.8199, ""5"": 0.9594, ""6"": 0.7909, ""7"": 0.4697, ""8"": 0.3231, ""9"": 0.4766, ""10"": 0.4361}",6.1
bio,degree,4,0.996,0.5574,0.5396,0.6053,"{""3"": 0.8569, ""4"": 0.7578, ""5"": 0.8579, ""6"": 0.6678, ""7"": 0.5215, ""8"": 0.3095, ""9"": 0.4745, ""10"": 0.3967}",6.7
bio,degree,5,0.9605,0.5564,0.5479,0.6211,"{""3"": 0.8966, ""4"": 0.8012, ""5"": 0.9137, ""6"": 0.6604, ""7"": 0.4578, ""8"": 0.2381, ""9"": 0.5681, ""10"": 0.4331}",4.8
bio,random,0,0.9723,0.5682,0.5372,0.6379,"{""3"": 0.9388, ""4"": 0.8571, ""5"": 0.9492, ""6"": 0.7091, ""7"": 0.4354, ""8"": 0.2959, ""9"": 0.4681, ""10"": 0.4497}",3.3
bio,random,1,0.9763,0.5645,0.5461,0.6377,"{""3"": 0.9016, ""4"": 0.8012, ""5"": 0.9289, ""6"": 0.7774, ""7"": 0.4166, ""8"": 0.3163, ""9"": 0.5383, ""10"": 0.4217}",3.4
bio,random,2,0.9842,0.6198,0.6174,0.7036,"{""3"": 0.9628, ""4"": 0.8509, ""5"": 0.9543, ""6"": 0.7126, ""7"": 0.5455, ""8"": 0.4898, ""9"": 0.6511, ""10"": 0.4617}",6.7
bio,random,3,0.9802,0.6076,0.5792,0.6819,"{""3"": 0.942, ""4"": 0.8075, ""5"": 0.934, ""6"": 0.7022, ""7"": 0.5262, ""8"": 0.5068, ""9"": 0.5681, ""10"": 0.4681}",4.2
bio,random,4,0.9921,0.5625,0.5577,0.6191,"{""3"": 0.9061, ""4"": 0.7888, ""5"": 0.9137, ""6"": 0.6696, ""7"": 0.5176, ""8"": 0.3129, ""9"": 0.4511, ""10"": 0.3933}",6.6
bio,random,5,0.9644,0.5732,0.545,0.6417,"{""3"": 0.976, ""4"": 0.8758, ""5"": 0.9492, ""6"": 0.6513, ""7"": 0.4727, ""8"": 0.2653, ""9"": 0.4957, ""10"": 0.4478}",4.6
bio,spectrum,0,0.9723,0.4738,0.4262,0.5207,"{""3"": 0.8928, ""4"": 0.6087, ""5"": 0.9137, ""6"": 0.5465, ""7"": 0.3601, ""8"": 0.1497, ""9"": 0.3213, ""10"": 0.3731}",2.4
bio,spectrum,1,0.9723,0.5369,0.4994,0.5849,"{""3"": 0.9098, ""4"": 0.5963, ""5"": 0.9188, ""6"": 0.6439, ""7"": 0.3831, ""8"": 0.2993, ""9"": 0.4638, ""10"": 0.4642}",1.7
bio,spectrum,2,0.9723,0.5155,0.4463,0.6317,"{""3"": 0.9458, ""4"": 0.7019, ""5"": 0.9594, ""6"": 0.5217, ""7"": 0.3864, ""8"": 0.6361, ""9"": 0.4894, ""10"": 0.4125}",1.7
bio,spectrum,3,0.9763,0.5152,0.4718,0.5535,"{""3"": 0.8588, ""4"": 0.5901, ""5"": 0.8731, ""6"": 0.5965, ""7"": 0.4046, ""8"": 0.2381, ""9"": 0.434, ""10"": 0.4331}",2.8
bio,spectrum,4,0.9723,0.5376,0.4906,0.596,"{""3"": 0.8632, ""4"": 0.6087, ""5"": 0.8985, ""6"": 0.5391, ""7"": 0.4918, ""8"": 0.4592, ""9"": 0.4766, ""10"": 0.4306}",2.4
bio,spectrum,5,0.9565,0.4705,0.4027,0.518,"{""3"": 0.8562, ""4"": 0.5652, ""5"": 0.8274, ""6"": 0.5522, ""7"": 0.3465, ""8"": 0.2177, ""9"": 0.4, ""10"": 0.3789}",1.9
bio,dense,0,0.9763,0.4924,0.4226,0.5404,"{""3"": 0.9016, ""4"": 0.5466, ""5"": 0.9086, ""6"": 0.5178, ""7"": 0.3961, ""8"": 0.2075, ""9"": 0.4489, ""10"": 0.3964}",2.0
bio,dense,1,0.9842,0.5637,0.538,0.6067,"{""3"": 0.947, ""4"": 0.6708, ""5"": 0.9543, ""6"": 0.717, ""7"": 0.395, ""8"": 0.2347, ""9"": 0.4532, ""10"": 0.4814}",2.9
bio,dense,2,0.9723,0.4851,0.4419,0.5141,"{""3"": 0.8405, ""4"": 0.5839, ""5"": 0.8629, ""6"": 0.5052, ""7"": 0.4118, ""8"": 0.1565, ""9"": 0.3426, ""10"": 0.4094}",2.0
bio,dense,3,0.9723,0.4626,0.3854,0.531,"{""3"": 0.8462, ""4"": 0.6025, ""5"": 0.868, ""6"": 0.5222, ""7"": 0.2851, ""8"": 0.1599, ""9"": 0.5447, ""10"": 0.4192}",2.2
bio,dense,4,0.9842,0.491,0.4362,0.5652,"{""3"": 0.8455, ""4"": 0.6211, ""5"": 0.868, ""6"": 0.5157, ""7"": 0.419, ""8"": 0.4014, ""9"": 0.4766, ""10"": 0.3739}",1.7
bio,dense,5,0.9605,0.5014,0.4511,0.5505,"{""3"": 0.9395, ""4"": 0.5963, ""5"": 0.9289, ""6"": 0.5857, ""7"": 0.3573, ""8"": 0.1395, ""9"": 0.4489, ""10"": 0.4078}",2.4
generic,connectome,0,0.9881,0.5889,0.5648,0.5958,"{""3"": 0.7743, ""4"": 0.5466, ""5"": 0.7563, ""6"": 0.7083, ""7"": 0.5627, ""8"": 0.3095, ""9"": 0.6426, ""10"": 0.4658}",2.1
generic,connectome,1,0.9842,0.6015,0.5895,0.6196,"{""3"": 0.7863, ""4"": 0.5714, ""5"": 0.8376, ""6"": 0.693, ""7"": 0.5912, ""8"": 0.3095, ""9"": 0.6957, ""10"": 0.4719}",1.1
generic,connectome,2,0.9921,0.6964,0.6768,0.7665,"{""3"": 0.9893, ""4"": 0.9068, ""5"": 0.9746, ""6"": 0.7335, ""7"": 0.7479, ""8"": 0.4184, ""9"": 0.8979, ""10"": 0.4639}",2.0
generic,connectome,3,0.9921,0.5147,0.4939,0.5774,"{""3"": 0.7844, ""4"": 0.4348, ""5"": 0.8071, ""6"": 0.5713, ""7"": 0.4999, ""8"": 0.4082, ""9"": 0.7766, ""10"": 0.3367}",2.4
generic,connectome,4,0.996,0.6016,0.5803,0.6368,"{""3"": 0.7945, ""4"": 0.6584, ""5"": 0.8579, ""6"": 0.5813, ""7"": 0.6665, ""8"": 0.381, ""9"": 0.7021, ""10"": 0.4528}",1.5
generic,connectome,5,0.9763,0.6112,0.6032,0.6321,"{""3"": 0.8153, ""4"": 0.5714, ""5"": 0.8579, ""6"": 0.7074, ""7"": 0.6255, ""8"": 0.3673, ""9"": 0.666, ""10"": 0.4464}",1.3
generic,degree,0,0.9921,0.5,0.4758,0.5636,"{""3"": 0.7818, ""4"": 0.5652, ""5"": 0.8426, ""6"": 0.56, ""7"": 0.4506, ""8"": 0.3571, ""9"": 0.5851, ""10"": 0.3661}",1.5
generic,degree,1,0.996,0.6128,0.604,0.6736,"{""3"": 0.9716, ""4"": 0.8137, ""5"": 0.9746, ""6"": 0.7004, ""7"": 0.61, ""8"": 0.3503, ""9"": 0.5681, ""10"": 0.4}",3.0
generic,degree,2,0.9921,0.5734,0.5547,0.6599,"{""3"": 0.9199, ""4"": 0.6708, ""5"": 0.8934, ""6"": 0.6039, ""7"": 0.5367, ""8"": 0.4422, ""9"": 0.817, ""10"": 0.3953}",1.8
generic,degree,3,0.9881,0.6112,0.5772,0.6949,"{""3"": 0.9678, ""4"": 0.7391, ""5"": 0.9645, ""6"": 0.6817, ""7"": 0.6488, ""8"": 0.432, ""9"": 0.7872, ""10"": 0.3381}",1.5
generic,degree,4,1.0,0.5255,0.4972,0.5626,"{""3"": 0.79, ""4"": 0.5342, ""5"": 0.8426, ""6"": 0.5478, ""7"": 0.4741, ""8"": 0.3129, ""9"": 0.5574, ""10"": 0.4417}",2.5
generic,degree,5,0.9763,0.5053,0.4805,0.5443,"{""3"": 0.7711, ""4"": 0.5652, ""5"": 0.8528, ""6"": 0.573, ""7"": 0.4664, ""8"": 0.2415, ""9"": 0.5, ""10"": 0.3844}",1.4
generic,random,0,0.9881,0.6726,0.6448,0.7053,"{""3"": 0.9729, ""4"": 0.8012, ""5"": 0.9442, ""6"": 0.8687, ""7"": 0.664, ""8"": 0.3469, ""9"": 0.6064, ""10"": 0.4383}",1.6
generic,random,1,1.0,0.4721,0.4891,0.5373,"{""3"": 0.8997, ""4"": 0.7143, ""5"": 0.8325, ""6"": 0.3635, ""7"": 0.4406, ""8"": 0.2109, ""9"": 0.4596, ""10"": 0.3769}",3.9
generic,random,2,0.9881,0.6,0.6044,0.6302,"{""3"": 0.8045, ""4"": 0.6087, ""5"": 0.8376, ""6"": 0.6887, ""7"": 0.6333, ""8"": 0.3741, ""9"": 0.6809, ""10"": 0.4142}",2.4
generic,random,3,0.9921,0.5759,0.5577,0.608,"{""3"": 0.7913, ""4"": 0.6149, ""5"": 0.8477, ""6"": 0.8561, ""7"": 0.5776, ""8"": 0.398, ""9"": 0.466, ""10"": 0.3125}",1.4
generic,random,4,0.9842,0.6495,0.6189,0.6624,"{""3"": 0.9313, ""4"": 0.6522, ""5"": 0.9036, ""6"": 0.8509, ""7"": 0.6192, ""8"": 0.3537, ""9"": 0.5362, ""10"": 0.4519}",1.6
generic,random,5,0.9881,0.667,0.6335,0.7164,"{""3"": 0.9786, ""4"": 0.7702, ""5"": 0.9391, ""6"": 0.7457, ""7"": 0.687, ""8"": 0.4558, ""9"": 0.7021, ""10"": 0.4525}",2.3
generic,spectrum,0,0.9723,0.5585,0.5189,0.6048,"{""3"": 0.8436, ""4"": 0.5714, ""5"": 0.8629, ""6"": 0.6648, ""7"": 0.5032, ""8"": 0.3741, ""9"": 0.6064, ""10"": 0.4122}",0.6
generic,spectrum,1,0.9881,0.5404,0.4939,0.6458,"{""3"": 0.9559, ""4"": 0.8137, ""5"": 0.7919, ""6"": 0.5504, ""7"": 0.53, ""8"": 0.6905, ""9"": 0.5064, ""10"": 0.3275}",0.8
generic,spectrum,2,0.9644,0.4978,0.4304,0.5182,"{""3"": 0.8909, ""4"": 0.5217, ""5"": 0.7005, ""6"": 0.5587, ""7"": 0.3703, ""8"": 0.2245, ""9"": 0.4489, ""10"": 0.4303}",1.1
generic,spectrum,3,0.9881,0.535,0.5232,0.6341,"{""3"": 0.8424, ""4"": 0.5528, ""5"": 0.8579, ""6"": 0.5696, ""7"": 0.5386, ""8"": 0.7789, ""9"": 0.6064, ""10"": 0.3261}",1.3
generic,spectrum,4,0.9881,0.5325,0.4964,0.5801,"{""3"": 0.8127, ""4"": 0.6025, ""5"": 0.8325, ""6"": 0.5061, ""7"": 0.5159, ""8"": 0.4524, ""9"": 0.483, ""10"": 0.4361}",1.8
generic,spectrum,5,0.9763,0.5902,0.5481,0.6532,"{""3"": 0.9521, ""4"": 0.6832, ""5"": 0.9188, ""6"": 0.6852, ""7"": 0.607, ""8"": 0.5238, ""9"": 0.5085, ""10"": 0.3472}",1.5
generic,dense,0,0.9486,0.524,0.4743,0.582,"{""3"": 0.9546, ""4"": 0.6832, ""5"": 0.8832, ""6"": 0.5135, ""7"": 0.4722, ""8"": 0.3027, ""9"": 0.4532, ""10"": 0.3936}",1.0
generic,dense,1,0.9842,0.484,0.4282,0.539,"{""3"": 0.7503, ""4"": 0.6273, ""5"": 0.8426, ""6"": 0.5348, ""7"": 0.4237, ""8"": 0.2959, ""9"": 0.4489, ""10"": 0.3886}",1.3
generic,dense,2,0.996,0.5709,0.5457,0.5965,"{""3"": 0.8689, ""4"": 0.5776, ""5"": 0.8579, ""6"": 0.6961, ""7"": 0.5228, ""8"": 0.3401, ""9"": 0.4872, ""10"": 0.4217}",3.9
generic,dense,3,0.9881,0.4831,0.4548,0.5353,"{""3"": 0.7509, ""4"": 0.5404, ""5"": 0.8579, ""6"": 0.5665, ""7"": 0.4523, ""8"": 0.3231, ""9"": 0.4553, ""10"": 0.3364}",1.6
generic,dense,4,0.9921,0.5491,0.551,0.5735,"{""3"": 0.7654, ""4"": 0.5404, ""5"": 0.802, ""6"": 0.6213, ""7"": 0.5187, ""8"": 0.4592, ""9"": 0.434, ""10"": 0.4469}",2.8
generic,dense,5,0.9842,0.5662,0.5121,0.6321,"{""3"": 0.918, ""4"": 0.7391, ""5"": 0.8477, ""6"": 0.6383, ""7"": 0.5652, ""8"": 0.4966, ""9"": 0.4936, ""10"": 0.3581}",2.3
