io,arm,variant,seed,fraction,n_train,params,epochs_ran,best_val_loss,wall_s,test_iid_auprc,test_iid_auroc,test_iid_recall,test_iid_specificity,test_iid_precision,test_iid_recall_at_fpr10,test_iid_recall_at_fpr05,test_iid_balanced_acc,test_iid_f1_at_0p5,test_iid_f1_best,test_iid_thr_f1_best,test_iid_accuracy,test_iid_n,test_iid_n_pos,test_low_auprc,test_low_auroc,test_low_recall,test_low_specificity,test_low_precision,test_low_recall_at_fpr10,test_low_recall_at_fpr05,test_low_balanced_acc,test_low_f1_at_0p5,test_low_f1_best,test_low_thr_f1_best,test_low_accuracy,test_low_n,test_low_n_pos,low_latency,low_worst_interferent
bio,connectome,standard,0,5,255,263508,30,0.2565,19.7,0.96798,0.91736,0.87069,0.72989,0.89579,0.72845,0.67672,0.80029,0.88306,0.91321,0.01378,0.83229,638,464,0.98122,0.86999,0.76796,0.72989,0.95789,0.61997,0.59411,0.74892,0.85247,0.95748,0.00058,0.76373,1566,1392,"{""pre"": 0.0772, ""0-5s"": 0.625, ""5-10s"": 0.44, ""10-30s"": 0.5625, ""30-60s"": 0.7153, "">60s"": 0.8283}","{""methane"": 0.7902, ""CO"": 0.7457, ""worst"": 0.7457}"
bio,connectome,graded_ln,0,10,510,263508,30,0.25,30.1,0.96914,0.91927,0.94828,0.62644,0.87129,0.72629,0.67457,0.78736,0.90815,0.91633,0.29496,0.8605,638,464,0.97629,0.83709,0.80316,0.62644,0.94505,0.57687,0.51509,0.7148,0.86835,0.95363,0.0099,0.78352,1566,1392,"{""pre"": 0.2572, ""0-5s"": 0.5833, ""5-10s"": 0.36, ""10-30s"": 0.4896, ""30-60s"": 0.6597, "">60s"": 0.7045}","{""methane"": 0.8333, ""CO"": 0.773, ""worst"": 0.773}"
bio,degree,standard,0,25,1276,263508,13,0.2333,26.6,0.96358,0.9086,0.9569,0.68966,0.89157,0.65086,0.64009,0.82328,0.92308,0.92451,0.48095,0.88401,638,464,0.9818,0.8711,0.87141,0.68966,0.95738,0.62428,0.58477,0.78053,0.91237,0.95225,0.00856,0.85121,1566,1392,"{""pre"": 0.2154, ""0-5s"": 0.5833, ""5-10s"": 0.36, ""10-30s"": 0.5521, ""30-60s"": 0.7153, "">60s"": 0.7866}","{""methane"": 0.9037, ""CO"": 0.8391, ""worst"": 0.8391}"
bio,degree,graded_ln,0,50,2552,263508,27,0.1736,104.0,0.97824,0.94404,0.875,0.78161,0.91441,0.76293,0.71767,0.8283,0.89427,0.93548,0.03015,0.84953,638,464,0.98845,0.91676,0.81609,0.78736,0.96846,0.70761,0.66667,0.80172,0.88577,0.96448,0.0005,0.8129,1566,1392,"{""pre"": 0.3537, ""0-5s"": 0.625, ""5-10s"": 0.36, ""10-30s"": 0.6042, ""30-60s"": 0.7431, "">60s"": 0.8662}","{""methane"": 0.8434, ""CO"": 0.7888, ""worst"": 0.7888}"
bio,random,standard,0,100,5104,263508,25,0.1997,183.9,0.97821,0.94398,0.88362,0.78161,0.91518,0.75647,0.73491,0.83261,0.89912,0.93902,0.15601,0.8558,638,464,0.98763,0.91154,0.7773,0.78161,0.96607,0.6796,0.65517,0.77945,0.86146,0.96154,0.00137,0.77778,1566,1392,"{""pre"": 0.135, ""0-5s"": 0.5417, ""5-10s"": 0.44, ""10-30s"": 0.6042, ""30-60s"": 0.7639, "">60s"": 0.899}","{""methane"": 0.7902, ""CO"": 0.7644, ""worst"": 0.7644}"
bio,spectrum,standard,1,5,255,12247627,18,0.6854,5.6,0.66715,0.41264,1.0,0.0,0.72727,0.0,0.0,0.5,0.84211,0.84211,0.50031,0.72727,638,464,0.85585,0.43244,1.0,0.0,0.88889,0.02371,0.00862,0.5,0.94118,0.94118,0.50031,0.88889,1566,1392,"{""pre"": 0.0804, ""0-5s"": 0.0417, ""5-10s"": 0.0, ""10-30s"": 0.0208, ""30-60s"": 0.0139, "">60s"": 0.0038}","{""methane"": 1.0, ""CO"": 1.0, ""worst"": 1.0}"
bio,dense,standard,1,10,510,12247627,22,0.6763,10.9,0.70926,0.48385,0.39655,0.77586,0.82511,0.00216,0.0,0.58621,0.53566,0.84211,0.4552,0.5,638,464,0.89076,0.48237,0.36279,0.77586,0.92831,0.05675,0.02514,0.56932,0.52169,0.94118,0.4552,0.40868,1566,1392,"{""pre"": 0.0, ""0-5s"": 0.0, ""5-10s"": 0.0, ""10-30s"": 0.0417, ""30-60s"": 0.0486, "">60s"": 0.0859}","{""methane"": 0.3348, ""CO"": 0.3908, ""worst"": 0.3348}"
generic,connectome,standard,1,25,1276,300871,18,0.2138,36.3,0.97755,0.94133,0.96336,0.66667,0.88515,0.75,0.73276,0.81501,0.9226,0.93051,0.25824,0.88245,638,464,0.98217,0.87683,0.84124,0.67241,0.95358,0.5898,0.55891,0.75682,0.89389,0.95592,0.02366,0.82248,1566,1392,"{""pre"": 0.0804, ""0-5s"": 0.4167, ""5-10s"": 0.36, ""10-30s"": 0.4896, ""30-60s"": 0.6806, "">60s"": 0.798}","{""methane"": 0.8879, ""CO"": 0.7945, ""worst"": 0.7945}"
generic,degree,standard,1,50,2552,300871,15,0.1854,55.7,0.97467,0.935,0.97414,0.65517,0.88281,0.72629,0.70474,0.81466,0.92623,0.92966,0.45385,0.88715,638,464,0.98175,0.87725,0.87284,0.65517,0.95294,0.56394,0.54095,0.76401,0.91114,0.96412,0.00769,0.84866,1566,1392,"{""pre"": 0.1029, ""0-5s"": 0.375, ""5-10s"": 0.28, ""10-30s"": 0.4167, ""30-60s"": 0.6458, "">60s"": 0.7626}","{""methane"": 0.9267, ""CO"": 0.819, ""worst"": 0.819}"
generic,random,standard,1,100,5104,300871,16,0.1811,114.9,0.97511,0.93487,0.96767,0.67816,0.88911,0.73922,0.73922,0.82292,0.92673,0.93401,0.40539,0.88871,638,464,0.98296,0.88066,0.875,0.67816,0.95604,0.60273,0.59339,0.77658,0.91373,0.95413,0.03478,0.85313,1566,1392,"{""pre"": 0.0643, ""0-5s"": 0.375, ""5-10s"": 0.36, ""10-30s"": 0.5, ""30-60s"": 0.7014, "">60s"": 0.8232}","{""methane"": 0.9296, ""CO"": 0.8204, ""worst"": 0.8204}"
generic,spectrum,standard,2,5,255,12284990,10,0.6303,3.1,0.83319,0.69716,0.57543,0.78736,0.87829,0.20905,0.02802,0.68139,0.69531,0.85449,0.0307,0.63323,638,464,0.91949,0.60313,0.37284,0.78736,0.93345,0.16451,0.04382,0.5801,0.53285,0.94118,0.00023,0.4189,1566,1392,"{""pre"": 0.0, ""0-5s"": 0.0, ""5-10s"": 0.0, ""10-30s"": 0.0625, ""30-60s"": 0.1944, "">60s"": 0.2462}","{""methane"": 0.3534, ""CO"": 0.3922, ""worst"": 0.3534}"
generic,dense,standard,2,10,510,12284990,28,0.4165,14.0,0.92235,0.83499,0.64871,0.83333,0.91212,0.49138,0.47414,0.74102,0.75819,0.89023,0.02894,0.69906,638,464,0.95495,0.75878,0.51724,0.83333,0.96128,0.2694,0.23635,0.67529,0.67258,0.94118,1e-05,0.55236,1566,1392,"{""pre"": 0.0, ""0-5s"": 0.0, ""5-10s"": 0.0, ""10-30s"": 0.1667, ""30-60s"": 0.3194, "">60s"": 0.3952}","{""methane"": 0.5747, ""CO"": 0.4598, ""worst"": 0.4598}"
bio,adapter_only,standard,2,25,1276,502,7,0.5539,0.1,0.86143,0.6567,0.93534,0.11494,0.7381,0.375,0.32759,0.52514,0.8251,0.84644,0.48651,0.7116,638,464,0.93795,0.62704,0.95474,0.11494,0.89616,0.30244,0.27586,0.53484,0.92452,0.94309,0.48612,0.86143,1566,1392,"{""pre"": 0.0, ""0-5s"": 0.0, ""5-10s"": 0.0, ""10-30s"": 0.1042, ""30-60s"": 0.3125, "">60s"": 0.4621}","{""methane"": 0.9454, ""CO"": 0.9641, ""worst"": 0.9454}"
bio,connectome,standard,0,10,510,263508,22,0.2475,21.9,0.97165,0.92446,0.87716,0.71264,0.89059,0.75647,0.72845,0.7949,0.88382,0.91591,0.41638,0.83229,638,464,0.98162,0.86948,0.76365,0.71264,0.95508,0.64152,0.62284,0.73815,0.8487,0.95718,0.00354,0.75798,1566,1392,"{""pre"": 0.0772, ""0-5s"": 0.7083, ""5-10s"": 0.44, ""10-30s"": 0.625, ""30-60s"": 0.7222, "">60s"": 0.8548}","{""methane"": 0.7385, ""CO"": 0.7888, ""worst"": 0.7385}"
bio,connectome,graded_ln,0,25,1276,263508,17,0.2089,34.6,0.97164,0.92499,0.93966,0.65517,0.87903,0.74784,0.71552,0.79741,0.90833,0.92057,0.39839,0.86207,638,464,0.9809,0.86591,0.8204,0.65517,0.95008,0.62931,0.58477,0.73779,0.88049,0.95532,0.0269,0.80204,1566,1392,"{""pre"": 0.1994, ""0-5s"": 0.5833, ""5-10s"": 0.36, ""10-30s"": 0.5312, ""30-60s"": 0.7014, "">60s"": 0.8068}","{""methane"": 0.8204, ""CO"": 0.8204, ""worst"": 0.8204}"
bio,degree,standard,0,50,2552,263508,15,0.2048,56.8,0.95092,0.87535,0.90948,0.56897,0.84909,0.65733,0.5819,0.73922,0.87825,0.91179,0.31851,0.81661,638,464,0.97468,0.828,0.81825,0.56897,0.93822,0.61207,0.5158,0.69361,0.87414,0.95685,0.00681,0.79055,1566,1392,"{""pre"": 0.0225, ""0-5s"": 0.5417, ""5-10s"": 0.32, ""10-30s"": 0.5521, ""30-60s"": 0.7222, "">60s"": 0.8422}","{""methane"": 0.8491, ""CO"": 0.7874, ""worst"": 0.7874}"
bio,degree,graded_ln,0,100,5104,263508,15,0.1833,111.8,0.97662,0.93944,0.875,0.76437,0.90828,0.76078,0.72198,0.81968,0.89133,0.93196,0.27675,0.84483,638,464,0.98728,0.90762,0.81178,0.76437,0.96499,0.70546,0.66451,0.78807,0.88178,0.95658,0.0298,0.80651,1566,1392,"{""pre"": 0.3601, ""0-5s"": 0.625, ""5-10s"": 0.36, ""10-30s"": 0.5833, ""30-60s"": 0.7222, "">60s"": 0.8662}","{""methane"": 0.842, ""CO"": 0.7816, ""worst"": 0.7816}"
bio,random,standard,1,5,255,263508,24,0.1998,16.2,0.97378,0.93237,0.90948,0.71264,0.89407,0.75862,0.71121,0.81106,0.90171,0.93131,0.28986,0.8558,638,464,0.98339,0.88357,0.82687,0.71264,0.95837,0.63721,0.57974,0.76976,0.88777,0.95833,0.0032,0.81418,1566,1392,"{""pre"": 0.3023, ""0-5s"": 0.5417, ""5-10s"": 0.36, ""10-30s"": 0.4896, ""30-60s"": 0.6736, "">60s"": 0.7917}","{""methane"": 0.8175, ""CO"": 0.8362, ""worst"": 0.8175}"
bio,spectrum,standard,1,10,510,12247627,21,0.6642,11.1,0.79005,0.57935,0.45905,0.70115,0.80377,0.2306,0.17888,0.5801,0.58436,0.84211,0.39489,0.52508,638,464,0.9007,0.50488,0.38793,0.70115,0.91216,0.20043,0.15661,0.54454,0.54435,0.94118,0.39106,0.42273,1566,1392,"{""pre"": 0.0, ""0-5s"": 0.0, ""5-10s"": 0.0, ""10-30s"": 0.0208, ""30-60s"": 0.1875, "">60s"": 0.3157}","{""methane"": 0.3736, ""CO"": 0.4023, ""worst"": 0.3736}"
bio,dense,standard,1,25,1276,12247627,15,0.6567,16.2,0.74295,0.46513,0.96767,0.11494,0.74461,0.16379,0.12716,0.54131,0.84161,0.84211,0.18118,0.73511,638,464,0.86706,0.44189,0.93966,0.11494,0.89466,0.06753,0.02945,0.5273,0.91661,0.94169,0.18119,0.84802,1566,1392,"{""pre"": 0.0161, ""0-5s"": 0.2083, ""5-10s"": 0.08, ""10-30s"": 0.0312, ""30-60s"": 0.0417, "">60s"": 0.0922}","{""methane"": 0.9526, ""CO"": 0.9267, ""worst"": 0.9267}"
generic,connectome,standard,1,50,2552,300871,16,0.2014,60.5,0.97519,0.93543,0.9806,0.66092,0.88521,0.74353,0.73491,0.82076,0.93047,0.93333,0.35161,0.89342,638,464,0.98337,0.88384,0.91307,0.66092,0.95564,0.63003,0.59842,0.787,0.93387,0.95844,0.05343,0.88506,1566,1392,"{""pre"": 0.1447, ""0-5s"": 0.4167, ""5-10s"": 0.48, ""10-30s"": 0.5625, ""30-60s"": 0.7292, "">60s"": 0.822}","{""methane"": 0.9756, ""CO"": 0.8506, ""worst"": 0.8506}"
generic,degree,standard,1,100,5104,300871,11,0.193,79.6,0.96604,0.91346,0.95905,0.64368,0.87771,0.70905,0.64655,0.80136,0.91658,0.92261,0.40574,0.87304,638,464,0.97889,0.85386,0.88003,0.64943,0.95257,0.60776,0.52083,0.76473,0.91486,0.94675,0.0049,0.85441,1566,1392,"{""pre"": 0.2958, ""0-5s"": 0.4167, ""5-10s"": 0.32, ""10-30s"": 0.4688, ""30-60s"": 0.6736, "">60s"": 0.75}","{""methane"": 0.9397, ""CO"": 0.8204, ""worst"": 0.8204}"
generic,random,standard,2,5,255,300871,25,0.1917,16.5,0.97353,0.92926,0.92241,0.64368,0.87347,0.80172,0.72845,0.78305,0.89727,0.92354,0.32943,0.84639,638,464,0.97852,0.85273,0.8125,0.64368,0.94803,0.60632,0.54598,0.72809,0.87505,0.95428,0.07413,0.79374,1566,1392,"{""pre"": 0.4469, ""0-5s"": 0.375, ""5-10s"": 0.16, ""10-30s"": 0.4375, ""30-60s"": 0.5972, "">60s"": 0.7121}","{""methane"": 0.8376, ""CO"": 0.7874, ""worst"": 0.7874}"
generic,spectrum,standard,2,10,510,12284990,6,1.0,3.2,0.70619,0.40169,0.48491,0.08046,0.58442,0.05388,0.05388,0.28269,0.53004,0.84211,0.00012,0.37461,638,464,0.91304,0.51331,0.62356,0.08046,0.84436,0.17888,0.17888,0.35201,0.71736,0.94118,0.00011,0.56322,1566,1392,"{""pre"": 0.0, ""0-5s"": 0.0, ""5-10s"": 0.08, ""10-30s"": 0.2083, ""30-60s"": 0.2431, "">60s"": 0.2424}","{""methane"": 0.6753, ""CO"": 0.5718, ""worst"": 0.5718}"
generic,dense,standard,2,25,1276,12284990,15,0.5956,16.0,0.91613,0.76382,0.5431,1.0,1.0,0.58621,0.55819,0.77155,0.70391,0.84672,0.39565,0.66771,638,464,0.94951,0.67506,0.39224,1.0,1.0,0.40302,0.39583,0.69612,0.56347,0.94194,0.39565,0.45977,1566,1392,"{""pre"": 0.0, ""0-5s"": 0.0, ""5-10s"": 0.0, ""10-30s"": 0.1042, ""30-60s"": 0.3681, "">60s"": 0.6288}","{""methane"": 0.3147, ""CO"": 0.4698, ""worst"": 0.3147}"
bio,adapter_only,standard,2,50,2552,502,30,0.3078,0.9,0.96129,0.90175,0.66164,0.87356,0.93313,0.64871,0.61422,0.7676,0.77427,0.92108,0.27715,0.71944,638,464,0.97614,0.84083,0.55101,0.87356,0.97212,0.52299,0.43175,0.71228,0.70335,0.94393,0.01247,0.58685,1566,1392,"{""pre"": 0.0, ""0-5s"": 0.0833, ""5-10s"": 0.16, ""10-30s"": 0.4375, ""30-60s"": 0.5486, "">60s"": 0.7588}","{""methane"": 0.592, ""CO"": 0.5101, ""worst"": 0.5101}"
bio,connectome,standard,2,5,255,263508,26,0.3225,16.7,0.96389,0.90438,0.87716,0.72989,0.89648,0.69828,0.67026,0.80352,0.88671,0.90481,0.16716,0.83699,638,464,0.97862,0.85573,0.77586,0.72989,0.9583,0.5546,0.53017,0.75287,0.85748,0.95415,0.00478,0.77075,1566,1392,"{""pre"": 0.09, ""0-5s"": 0.375, ""5-10s"": 0.28, ""10-30s"": 0.4688, ""30-60s"": 0.6528, "">60s"": 0.7437}","{""methane"": 0.7601, ""CO"": 0.7917, ""worst"": 0.7601}"
bio,connectome,graded_ln,2,10,510,263508,30,0.1991,29.2,0.97332,0.93048,0.86638,0.75862,0.90541,0.74353,0.71121,0.8125,0.88546,0.92073,0.22825,0.83699,638,464,0.98376,0.88384,0.78448,0.75862,0.96296,0.6523,0.60776,0.77155,0.86461,0.95119,0.00602,0.78161,1566,1392,"{""pre"": 0.2701, ""0-5s"": 0.625, ""5-10s"": 0.44, ""10-30s"": 0.5521, ""30-60s"": 0.7222, "">60s"": 0.8093}","{""methane"": 0.8147, ""CO"": 0.7543, ""worst"": 0.7543}"
bio,degree,standard,2,25,1276,263508,28,0.217,56.0,0.96635,0.91477,0.86853,0.72414,0.89357,0.69612,0.66595,0.79634,0.88087,0.92623,0.29585,0.82915,638,464,0.98103,0.86809,0.7694,0.72414,0.9571,0.5977,0.58118,0.74677,0.85305,0.95132,0.0017,0.76437,1566,1392,"{""pre"": 0.0772, ""0-5s"": 0.625, ""5-10s"": 0.4, ""10-30s"": 0.5625, ""30-60s"": 0.7083, "">60s"": 0.7917}","{""methane"": 0.8046, ""CO"": 0.7342, ""worst"": 0.7342}"
bio,degree,graded_ln,2,50,2552,263508,18,0.1864,68.3,0.96994,0.92396,0.92672,0.71839,0.8977,0.71121,0.67241,0.82256,0.91198,0.93212,0.21118,0.86991,638,464,0.98401,0.8863,0.83477,0.71839,0.95954,0.6681,0.59195,0.77658,0.89282,0.9544,0.00185,0.82184,1566,1392,"{""pre"": 0.3633, ""0-5s"": 0.625, ""5-10s"": 0.36, ""10-30s"": 0.5625, ""30-60s"": 0.7222, "">60s"": 0.8018}","{""methane"": 0.8664, ""CO"": 0.8032, ""worst"": 0.8032}"
bio,random,standard,2,100,5104,263508,13,0.1977,95.4,0.9594,0.89822,0.96767,0.64943,0.88039,0.65948,0.64009,0.80855,0.92197,0.92197,0.50506,0.88088,638,464,0.97903,0.85404,0.8556,0.64943,0.95128,0.60489,0.57615,0.75251,0.90091,0.9529,5e-05,0.83269,1566,1392,"{""pre"": 0.074, ""0-5s"": 0.5833, ""5-10s"": 0.32, ""10-30s"": 0.5208, ""30-60s"": 0.6944, "">60s"": 0.8169}","{""methane"": 0.9109, ""CO"": 0.8003, ""worst"": 0.8003}"
bio,dense,standard,0,5,255,12247627,17,0.6798,5.5,0.81588,0.61858,0.44828,0.74138,0.82213,0.33836,0.29526,0.59483,0.5802,0.84566,0.24749,0.52821,638,464,0.91552,0.57215,0.4102,0.73563,0.92545,0.26724,0.22629,0.57292,0.56844,0.94134,0.23755,0.44636,1566,1392,"{""pre"": 0.0, ""0-5s"": 0.0, ""5-10s"": 0.0, ""10-30s"": 0.0833, ""30-60s"": 0.25, "">60s"": 0.4141}","{""methane"": 0.3865, ""CO"": 0.4339, ""worst"": 0.3865}"
generic,connectome,standard,0,10,510,300871,15,0.2202,14.9,0.97477,0.93481,0.96767,0.61494,0.87016,0.7694,0.68319,0.79131,0.91633,0.92562,0.5412,0.87147,638,464,0.98578,0.89597,0.87284,0.61494,0.94774,0.70977,0.66954,0.74389,0.90875,0.95384,0.07122,0.84419,1566,1392,"{""pre"": 0.7556, ""0-5s"": 0.625, ""5-10s"": 0.44, ""10-30s"": 0.5312, ""30-60s"": 0.6319, "">60s"": 0.7386}","{""methane"": 0.9109, ""CO"": 0.8348, ""worst"": 0.8348}"
generic,degree,standard,0,25,1276,300871,19,0.1943,38.3,0.97992,0.94605,0.96767,0.62069,0.87184,0.80603,0.76293,0.79418,0.91726,0.92169,0.37008,0.87304,638,464,0.98099,0.86481,0.83764,0.62069,0.94643,0.64152,0.60201,0.72917,0.88872,0.95185,0.00795,0.81354,1566,1392,"{""pre"": 0.3312, ""0-5s"": 0.5, ""5-10s"": 0.4, ""10-30s"": 0.4688, ""30-60s"": 0.6389, "">60s"": 0.7967}","{""methane"": 0.8822, ""CO"": 0.7931, ""worst"": 0.7931}"
generic,random,standard,0,50,2552,300871,17,0.1833,63.5,0.98518,0.9616,0.96552,0.76437,0.91616,0.84052,0.77586,0.86494,0.94019,0.94142,0.46922,0.91066,638,464,0.98941,0.91949,0.87284,0.76437,0.96736,0.76724,0.70761,0.81861,0.91767,0.95231,0.03606,0.86079,1566,1392,"{""pre"": 0.672, ""0-5s"": 0.6667, ""5-10s"": 0.44, ""10-30s"": 0.5938, ""30-60s"": 0.7639, "">60s"": 0.8396}","{""methane"": 0.9167, ""CO"": 0.829, ""worst"": 0.829}"
generic,spectrum,standard,0,100,5104,12284990,9,0.4483,36.9,0.8825,0.75277,0.80172,0.58046,0.83596,0.30172,0.23276,0.69109,0.81848,0.8739,0.2033,0.74138,638,464,0.92917,0.65152,0.67098,0.58046,0.92751,0.16667,0.11494,0.62572,0.77866,0.94205,0.00463,0.66092,1566,1392,"{""pre"": 0.0, ""0-5s"": 0.0, ""5-10s"": 0.0, ""10-30s"": 0.0833, ""30-60s"": 0.1597, "">60s"": 0.2538}","{""methane"": 0.6983, ""CO"": 0.6437, ""worst"": 0.6437}"
generic,dense,standard,1,5,255,12284990,12,0.6089,3.9,0.94468,0.85669,0.58836,0.98851,0.99273,0.62284,0.60345,0.78843,0.73884,0.89047,0.30919,0.69749,638,464,0.95219,0.71231,0.33908,0.98851,0.99578,0.34555,0.33908,0.66379,0.50589,0.94118,0.26915,0.41124,1566,1392,"{""pre"": 0.0, ""0-5s"": 0.0, ""5-10s"": 0.0, ""10-30s"": 0.1667, ""30-60s"": 0.3611, "">60s"": 0.5215}","{""methane"": 0.3103, ""CO"": 0.3678, ""worst"": 0.3103}"
bio,adapter_only,standard,1,10,510,502,30,0.5389,0.2,0.94357,0.84614,0.55819,1.0,1.0,0.65733,0.62284,0.77909,0.71646,0.87619,0.25691,0.67868,638,464,0.97311,0.81288,0.46767,1.0,1.0,0.55029,0.52371,0.73384,0.6373,0.94658,0.23745,0.52682,1566,1392,"{""pre"": 0.0, ""0-5s"": 0.0417, ""5-10s"": 0.04, ""10-30s"": 0.3958, ""30-60s"": 0.5764, "">60s"": 0.8119}","{""methane"": 0.4368, ""CO"": 0.4986, ""worst"": 0.4368}"
bio,connectome,standard,2,10,510,263508,16,0.297,15.9,0.97054,0.92334,0.95259,0.63793,0.87525,0.72629,0.68103,0.79526,0.91228,0.91947,0.45436,0.86677,638,464,0.98016,0.8615,0.82471,0.63793,0.94798,0.61351,0.56466,0.73132,0.88206,0.95255,0.03513,0.80396,1566,1392,"{""pre"": 0.1897, ""0-5s"": 0.5833, ""5-10s"": 0.4, ""10-30s"": 0.5625, ""30-60s"": 0.7431, "">60s"": 0.7702}","{""methane"": 0.7917, ""CO"": 0.8578, ""worst"": 0.7917}"
bio,connectome,graded_ln,2,25,1276,263508,21,0.2018,42.4,0.95899,0.89323,0.91595,0.62644,0.86735,0.68103,0.63578,0.77119,0.89099,0.90141,0.24858,0.83699,638,464,0.97713,0.84349,0.84483,0.62644,0.94762,0.57759,0.53305,0.73563,0.89328,0.95251,0.00296,0.82056,1566,1392,"{""pre"": 0.0547, ""0-5s"": 0.625, ""5-10s"": 0.48, ""10-30s"": 0.5521, ""30-60s"": 0.6944, "">60s"": 0.7664}","{""methane"": 0.8851, ""CO"": 0.8046, ""worst"": 0.8046}"
bio,degree,standard,2,50,2552,263508,10,0.234,37.4,0.97896,0.94602,0.88362,0.81609,0.9276,0.76078,0.71767,0.84986,0.90508,0.93194,0.35954,0.8652,638,464,0.98704,0.90587,0.78664,0.81609,0.97161,0.68463,0.65158,0.80136,0.86939,0.95477,0.0132,0.78991,1566,1392,"{""pre"": 0.4502, ""0-5s"": 0.6667, ""5-10s"": 0.4, ""10-30s"": 0.5417, ""30-60s"": 0.7083, "">60s"": 0.7992}","{""methane"": 0.7945, ""CO"": 0.7787, ""worst"": 0.7787}"
bio,degree,graded_ln,2,100,5104,263508,13,0.191,95.1,0.94919,0.86887,0.92457,0.59195,0.858,0.64655,0.62069,0.75826,0.89004,0.90387,0.08881,0.83386,638,464,0.97407,0.82336,0.84124,0.59195,0.94283,0.55172,0.52371,0.71659,0.88914,0.94991,0.00016,0.81354,1566,1392,"{""pre"": 0.0482, ""0-5s"": 0.5833, ""5-10s"": 0.32, ""10-30s"": 0.5208, ""30-60s"": 0.6736, "">60s"": 0.7374}","{""methane"": 0.9109, ""CO"": 0.7716, ""worst"": 0.7716}"
bio,spectrum,standard,0,5,255,12247627,11,0.7944,3.5,0.82844,0.54697,0.61638,0.24713,0.68585,0.39655,0.34698,0.43175,0.64926,0.84211,0.2599,0.51567,638,464,0.93414,0.55929,0.62644,0.24713,0.86939,0.4375,0.43032,0.43678,0.72818,0.94118,0.25696,0.58429,1566,1392,"{""pre"": 0.9164, ""0-5s"": 1.0, ""5-10s"": 0.96, ""10-30s"": 0.6562, ""30-60s"": 0.4653, "">60s"": 0.1843}","{""methane"": 0.6537, ""CO"": 0.5991, ""worst"": 0.5991}"
bio,dense,standard,0,10,510,12247627,7,0.6586,3.5,0.85114,0.68812,0.44612,0.82184,0.86975,0.23922,0.18319,0.63398,0.58974,0.84911,0.31509,0.54859,638,464,0.92422,0.63103,0.35345,0.82184,0.94073,0.13362,0.0819,0.58764,0.51384,0.94118,0.2663,0.40549,1566,1392,"{""pre"": 0.0, ""0-5s"": 0.0, ""5-10s"": 0.0, ""10-30s"": 0.0625, ""30-60s"": 0.1458, "">60s"": 0.2008}","{""methane"": 0.3161, ""CO"": 0.3908, ""worst"": 0.3161}"
generic,connectome,standard,0,25,1276,300871,12,0.2111,24.0,0.97214,0.92457,0.95043,0.59195,0.86133,0.77371,0.72629,0.77119,0.90369,0.91566,0.31213,0.85266,638,464,0.97504,0.82823,0.81753,0.59195,0.94127,0.5783,0.5273,0.70474,0.87505,0.95326,0.00808,0.79246,1566,1392,"{""pre"": 0.2797, ""0-5s"": 0.5417, ""5-10s"": 0.28, ""10-30s"": 0.4479, ""30-60s"": 0.6111, "">60s"": 0.7159}","{""methane"": 0.8635, ""CO"": 0.7716, ""worst"": 0.7716}"
generic,degree,standard,0,50,2552,300871,12,0.1811,44.4,0.98491,0.9611,0.96121,0.75862,0.91393,0.85129,0.80172,0.85991,0.93697,0.94363,0.4696,0.90596,638,464,0.98805,0.9116,0.84411,0.75862,0.96549,0.7421,0.70546,0.80136,0.90073,0.95413,0.01092,0.83461,1566,1392,"{""pre"": 0.6013, ""0-5s"": 0.6667, ""5-10s"": 0.44, ""10-30s"": 0.5729, ""30-60s"": 0.7361, "">60s"": 0.8308}","{""methane"": 0.8807, ""CO"": 0.8075, ""worst"": 0.8075}"
generic,random,standard,0,100,5104,300871,11,0.1921,78.4,0.96312,0.90698,0.94612,0.64368,0.87625,0.65302,0.62069,0.7949,0.90984,0.92277,0.27634,0.86364,638,464,0.97626,0.84204,0.87213,0.64368,0.95141,0.50503,0.46552,0.7579,0.91004,0.94726,0.00415,0.84674,1566,1392,"{""pre"": 0.0225, ""0-5s"": 0.2917, ""5-10s"": 0.2, ""10-30s"": 0.375, ""30-60s"": 0.5972, "">60s"": 0.7096}","{""methane"": 0.9167, ""CO"": 0.8276, ""worst"": 0.8276}"
generic,spectrum,standard,1,5,255,12284990,6,1.0,1.8,0.83376,0.60832,0.45259,0.64943,0.77491,0.26078,0.26078,0.55101,0.57143,0.84211,0.00016,0.50627,638,464,0.93449,0.6057,0.41236,0.64943,0.90394,0.29741,0.29598,0.53089,0.56635,0.94118,0.00015,0.4387,1566,1392,"{""pre"": 0.0, ""0-5s"": 0.0, ""5-10s"": 0.04, ""10-30s"": 0.0938, ""30-60s"": 0.2569, "">60s"": 0.4634}","{""methane"": 0.375, ""CO"": 0.4497, ""worst"": 0.375}"
generic,dense,standard,1,10,510,12284990,30,0.4368,15.3,0.92723,0.81499,0.63147,0.78736,0.88788,0.53664,0.5,0.70941,0.73804,0.8738,0.07855,0.67398,638,464,0.94598,0.68749,0.38793,0.78736,0.93588,0.29598,0.26293,0.58764,0.5485,0.94845,0.0443,0.43231,1566,1392,"{""pre"": 0.0, ""0-5s"": 0.0, ""5-10s"": 0.0, ""10-30s"": 0.1042, ""30-60s"": 0.3125, "">60s"": 0.4508}","{""methane"": 0.3491, ""CO"": 0.4267, ""worst"": 0.3491}"
bio,adapter_only,standard,1,25,1276,502,7,0.5882,0.1,0.85164,0.64114,0.67026,0.47126,0.77171,0.3125,0.28017,0.57076,0.71742,0.8444,0.4402,0.61599,638,464,0.93328,0.60808,0.61135,0.47126,0.90244,0.27586,0.23132,0.54131,0.72891,0.94213,0.44037,0.59579,1566,1392,"{""pre"": 0.0, ""0-5s"": 0.0, ""5-10s"": 0.0, ""10-30s"": 0.0833, ""30-60s"": 0.2847, "">60s"": 0.423}","{""methane"": 0.5733, ""CO"": 0.6494, ""worst"": 0.5733}"
bio,connectome,standard,2,25,1276,263508,25,0.2099,49.8,0.97366,0.93013,0.78448,0.84483,0.93095,0.74784,0.71552,0.81466,0.85146,0.92083,0.19284,0.80094,638,464,0.98813,0.91144,0.75934,0.83908,0.97419,0.72486,0.68678,0.79921,0.85345,0.9534,0.03643,0.7682,1566,1392,"{""pre"": 0.4019, ""0-5s"": 0.6667, ""5-10s"": 0.44, ""10-30s"": 0.5938, ""30-60s"": 0.7708, "">60s"": 0.8699}","{""methane"": 0.7917, ""CO"": 0.727, ""worst"": 0.727}"
bio,connectome,graded_ln,2,50,2552,263508,19,0.1981,71.1,0.9719,0.92742,0.89224,0.72414,0.8961,0.74138,0.69828,0.80819,0.89417,0.92663,0.23086,0.84639,638,464,0.98166,0.87209,0.79239,0.72414,0.9583,0.61925,0.58046,0.75826,0.86748,0.9561,0.00514,0.7848,1566,1392,"{""pre"": 0.1994, ""0-5s"": 0.6667, ""5-10s"": 0.36, ""10-30s"": 0.5312, ""30-60s"": 0.7153, "">60s"": 0.7841}","{""methane"": 0.819, ""CO"": 0.7658, ""worst"": 0.7658}"
bio,degree,standard,2,100,5104,263508,22,0.1837,161.3,0.96959,0.92234,0.97198,0.67816,0.88955,0.72414,0.70905,0.82507,0.92894,0.93238,0.4625,0.89185,638,464,0.98154,0.87152,0.85632,0.68391,0.95589,0.62572,0.61997,0.77011,0.90337,0.95637,0.00016,0.83716,1566,1392,"{""pre"": 0.0482, ""0-5s"": 0.625, ""5-10s"": 0.36, ""10-30s"": 0.5625, ""30-60s"": 0.7222, "">60s"": 0.851}","{""methane"": 0.9095, ""CO"": 0.8032, ""worst"": 0.8032}"
bio,random,standard,0,5,255,263508,25,0.2574,16.7,0.96947,0.92116,0.92457,0.66092,0.8791,0.71121,0.67241,0.79274,0.90126,0.91833,0.19509,0.85266,638,464,0.97989,0.86371,0.84483,0.66092,0.95223,0.56466,0.52227,0.75287,0.89532,0.95501,0.02671,0.82439,1566,1392,"{""pre"": 0.2026, ""0-5s"": 0.4167, ""5-10s"": 0.32, ""10-30s"": 0.4479, ""30-60s"": 0.5972, "">60s"": 0.7273}","{""methane"": 0.8362, ""CO"": 0.8534, ""worst"": 0.8362}"
bio,spectrum,standard,0,10,510,12247627,29,0.6598,15.5,0.74584,0.52781,0.49138,0.58046,0.75748,0.07543,0.04957,0.53592,0.59608,0.84211,0.34698,0.51567,638,464,0.90283,0.5137,0.47845,0.58046,0.90122,0.12356,0.07687,0.52945,0.62506,0.94118,0.32729,0.48978,1566,1392,"{""pre"": 0.0, ""0-5s"": 0.0, ""5-10s"": 0.0, ""10-30s"": 0.0417, ""30-60s"": 0.1597, "">60s"": 0.1831}","{""methane"": 0.4397, ""CO"": 0.5172, ""worst"": 0.4397}"
bio,dense,standard,0,25,1276,12247627,11,0.6717,11.9,0.77998,0.59343,0.3944,0.78161,0.82805,0.12284,0.09483,0.588,0.53431,0.8422,0.49301,0.5,638,464,0.90909,0.57438,0.35776,0.78161,0.9291,0.12787,0.07902,0.56968,0.5166,0.94173,0.49301,0.40485,1566,1392,"{""pre"": 0.0, ""0-5s"": 0.0, ""5-10s"": 0.0, ""10-30s"": 0.0104, ""30-60s"": 0.125, "">60s"": 0.2008}","{""methane"": 0.3276, ""CO"": 0.3879, ""worst"": 0.3276}"
generic,connectome,standard,0,50,2552,300871,9,0.1996,33.6,0.98245,0.95494,0.96121,0.72414,0.90283,0.80819,0.76078,0.84267,0.93111,0.94201,0.32911,0.89655,638,464,0.98656,0.90432,0.85489,0.72414,0.96123,0.68894,0.64655,0.78951,0.90494,0.96025,0.07685,0.84036,1566,1392,"{""pre"": 0.582, ""0-5s"": 0.7083, ""5-10s"": 0.32, ""10-30s"": 0.5312, ""30-60s"": 0.6458, "">60s"": 0.7689}","{""methane"": 0.8707, ""CO"": 0.8391, ""worst"": 0.8391}"
generic,degree,standard,0,100,5104,300871,15,0.1834,107.2,0.97446,0.93242,0.93319,0.68391,0.8873,0.75431,0.71983,0.80855,0.90966,0.92525,0.22608,0.8652,638,464,0.98281,0.87568,0.84914,0.68391,0.95554,0.64224,0.60632,0.76652,0.8992,0.94788,0.00382,0.83078,1566,1392,"{""pre"": 0.1865, ""0-5s"": 0.5833, ""5-10s"": 0.36, ""10-30s"": 0.5417, ""30-60s"": 0.7083, "">60s"": 0.8321}","{""methane"": 0.9095, ""CO"": 0.7888, ""worst"": 0.7888}"
generic,random,standard,1,5,255,300871,15,0.2486,9.8,0.91599,0.81575,0.87931,0.60345,0.85535,0.38147,0.375,0.74138,0.86716,0.90443,0.07665,0.80408,638,464,0.94465,0.72478,0.7421,0.60345,0.93739,0.1717,0.15158,0.67277,0.82839,0.9456,0.00652,0.72669,1566,1392,"{""pre"": 0.0, ""0-5s"": 0.0417, ""5-10s"": 0.04, ""10-30s"": 0.0833, ""30-60s"": 0.1875, "">60s"": 0.2551}","{""methane"": 0.7529, ""CO"": 0.7313, ""worst"": 0.7313}"
generic,spectrum,standard,1,10,510,12284990,8,0.7073,4.3,0.9507,0.87545,0.4806,0.99425,0.99554,0.58621,0.57974,0.73743,0.64826,0.89203,0.0766,0.62069,638,464,0.97528,0.83255,0.35776,0.99425,0.998,0.53089,0.52011,0.67601,0.52671,0.94233,0.04222,0.42848,1566,1392,"{""pre"": 0.0868, ""0-5s"": 0.125, ""5-10s"": 0.36, ""10-30s"": 0.3229, ""30-60s"": 0.5278, "">60s"": 0.7487}","{""methane"": 0.2888, ""CO"": 0.4267, ""worst"": 0.2888}"
generic,dense,standard,1,25,1276,12284990,30,0.5707,32.1,0.923,0.80171,0.5625,0.85057,0.90941,0.5,0.48707,0.70654,0.69507,0.85799,0.38495,0.64107,638,464,0.95967,0.76644,0.37284,0.85057,0.95229,0.3046,0.26006,0.61171,0.53588,0.94672,0.38471,0.42593,1566,1392,"{""pre"": 0.0, ""0-5s"": 0.0, ""5-10s"": 0.0, ""10-30s"": 0.1354, ""30-60s"": 0.2778, "">60s"": 0.4684}","{""methane"": 0.3463, ""CO"": 0.3994, ""worst"": 0.3463}"
bio,adapter_only,standard,1,50,2552,502,30,0.2886,0.9,0.94844,0.87761,0.67457,0.86207,0.92878,0.59914,0.46983,0.76832,0.78152,0.91833,0.25447,0.72571,638,464,0.96676,0.80809,0.56897,0.86207,0.97059,0.42385,0.23132,0.71552,0.71739,0.9439,0.00968,0.60153,1566,1392,"{""pre"": 0.0, ""0-5s"": 0.0, ""5-10s"": 0.04, ""10-30s"": 0.25, ""30-60s"": 0.4236, "">60s"": 0.6364}","{""methane"": 0.625, ""CO"": 0.5129, ""worst"": 0.5129}"
bio,connectome,standard,2,50,2552,263508,30,0.1706,114.0,0.97713,0.94066,0.94397,0.74138,0.90683,0.76293,0.74138,0.84267,0.92503,0.93375,0.4532,0.88871,638,464,0.985,0.89316,0.83405,0.74138,0.96269,0.65661,0.63649,0.78772,0.89376,0.95795,0.00304,0.82375,1566,1392,"{""pre"": 0.1383, ""0-5s"": 0.5833, ""5-10s"": 0.4, ""10-30s"": 0.5729, ""30-60s"": 0.7361, "">60s"": 0.8662}","{""methane"": 0.8836, ""CO"": 0.7845, ""worst"": 0.7845}"
bio,connectome,graded_ln,2,100,5104,263508,23,0.1948,173.8,0.98053,0.94922,0.91379,0.81034,0.92779,0.77802,0.72198,0.86207,0.92074,0.93333,0.39295,0.88558,638,464,0.98782,0.91078,0.82543,0.81034,0.97208,0.69899,0.64583,0.81789,0.89277,0.9573,0.00081,0.82375,1566,1392,"{""pre"": 0.2701, ""0-5s"": 0.5417, ""5-10s"": 0.48, ""10-30s"": 0.6146, ""30-60s"": 0.7431, "">60s"": 0.8813}","{""methane"": 0.8534, ""CO"": 0.7974, ""worst"": 0.7974}"
bio,degree,graded_ln,0,5,255,263508,30,0.2567,20.7,0.96297,0.90286,0.98707,0.49425,0.83883,0.68966,0.67241,0.74066,0.90693,0.90945,0.41425,0.85266,638,464,0.97496,0.83006,0.90086,0.49425,0.93443,0.54239,0.52083,0.69756,0.91734,0.95598,0.02297,0.85568,1566,1392,"{""pre"": 0.1222, ""0-5s"": 0.4583, ""5-10s"": 0.36, ""10-30s"": 0.4792, ""30-60s"": 0.5903, "">60s"": 0.7146}","{""methane"": 0.9224, ""CO"": 0.8793, ""worst"": 0.8793}"
bio,random,standard,0,10,510,263508,16,0.2486,16.6,0.96825,0.91646,0.96983,0.56897,0.85714,0.73276,0.70259,0.7694,0.91001,0.91956,0.31968,0.8605,638,464,0.97679,0.84357,0.89009,0.56897,0.94292,0.56178,0.52802,0.72953,0.91574,0.95715,0.00721,0.85441,1566,1392,"{""pre"": 0.1768, ""0-5s"": 0.625, ""5-10s"": 0.36, ""10-30s"": 0.4792, ""30-60s"": 0.6319, "">60s"": 0.7146}","{""methane"": 0.8951, ""CO"": 0.8851, ""worst"": 0.8851}"
bio,spectrum,standard,0,25,1276,12247627,12,0.7049,14.4,0.81117,0.51485,0.34914,0.83908,0.85263,0.34914,0.34914,0.59411,0.49541,0.84211,0.32418,0.48276,638,464,0.9194,0.51906,0.32759,0.83908,0.94215,0.26796,0.25359,0.58333,0.48614,0.94118,0.31693,0.38442,1566,1392,"{""pre"": 0.0, ""0-5s"": 0.0, ""5-10s"": 0.0, ""10-30s"": 0.0521, ""30-60s"": 0.25, "">60s"": 0.4192}","{""methane"": 0.3118, ""CO"": 0.3434, ""worst"": 0.3118}"
bio,dense,standard,0,50,2552,12247627,9,0.6727,19.3,0.82945,0.60402,0.38362,0.7931,0.83178,0.27802,0.26509,0.58836,0.52507,0.8444,0.45466,0.4953,638,464,0.92316,0.57881,0.36063,0.7931,0.93309,0.20043,0.17529,0.57687,0.52021,0.94213,0.45508,0.40868,1566,1392,"{""pre"": 0.0, ""0-5s"": 0.0, ""5-10s"": 0.0, ""10-30s"": 0.0833, ""30-60s"": 0.2083, "">60s"": 0.3043}","{""methane"": 0.3305, ""CO"": 0.3908, ""worst"": 0.3305}"
generic,connectome,standard,0,100,5104,300871,11,0.1838,79.1,0.96617,0.91485,0.92241,0.68391,0.88613,0.66379,0.6444,0.80316,0.90391,0.92634,0.24503,0.85737,638,464,0.97972,0.86606,0.85417,0.68391,0.95579,0.51796,0.50503,0.76904,0.90212,0.96072,0.01977,0.83525,1566,1392,"{""pre"": 0.0129, ""0-5s"": 0.2083, ""5-10s"": 0.24, ""10-30s"": 0.4167, ""30-60s"": 0.6042, "">60s"": 0.7311}","{""methane"": 0.908, ""CO"": 0.8003, ""worst"": 0.8003}"
generic,degree,standard,1,5,255,300871,11,0.2726,7.2,0.93114,0.84464,0.80603,0.67241,0.86775,0.46121,0.39871,0.73922,0.83575,0.91239,0.10509,0.76959,638,464,0.94484,0.73702,0.66236,0.67241,0.94178,0.15876,0.11566,0.66739,0.77773,0.9457,0.00846,0.66347,1566,1392,"{""pre"": 0.0, ""0-5s"": 0.0417, ""5-10s"": 0.0, ""10-30s"": 0.1042, ""30-60s"": 0.1458, "">60s"": 0.2386}","{""methane"": 0.6925, ""CO"": 0.6322, ""worst"": 0.6322}"
generic,random,standard,1,10,510,300871,14,0.2234,14.0,0.94893,0.87909,0.95474,0.63218,0.87377,0.54741,0.52155,0.79346,0.91246,0.92492,0.17193,0.86677,638,464,0.95895,0.78134,0.81178,0.62644,0.94561,0.27371,0.24066,0.71911,0.8736,0.96081,0.03117,0.79119,1566,1392,"{""pre"": 0.0193, ""0-5s"": 0.0417, ""5-10s"": 0.04, ""10-30s"": 0.1354, ""30-60s"": 0.2847, "">60s"": 0.4028}","{""methane"": 0.8434, ""CO"": 0.7802, ""worst"": 0.7802}"
generic,spectrum,standard,1,25,1276,12284990,11,0.5636,13.0,0.92845,0.81215,0.8319,0.53448,0.82655,0.54526,0.5,0.68319,0.82922,0.87512,0.02684,0.75078,638,464,0.95914,0.73496,0.7852,0.53448,0.93101,0.41307,0.37644,0.65984,0.85191,0.94118,0.00566,0.75734,1566,1392,"{""pre"": 0.1029, ""0-5s"": 0.25, ""5-10s"": 0.08, ""10-30s"": 0.1771, ""30-60s"": 0.4514, "">60s"": 0.572}","{""methane"": 0.8075, ""CO"": 0.7629, ""worst"": 0.7629}"
generic,dense,standard,1,50,2552,12284990,18,0.3238,39.4,0.95073,0.88147,0.85345,0.67816,0.87611,0.59052,0.53017,0.7658,0.86463,0.91984,0.28165,0.80564,638,464,0.96677,0.80416,0.75575,0.67816,0.94946,0.38578,0.32974,0.71695,0.8416,0.94889,0.14803,0.74713,1566,1392,"{""pre"": 0.0032, ""0-5s"": 0.1667, ""5-10s"": 0.12, ""10-30s"": 0.3333, ""30-60s"": 0.4444, "">60s"": 0.5467}","{""methane"": 0.7126, ""CO"": 0.7989, ""worst"": 0.7126}"
bio,adapter_only,standard,1,100,5104,502,30,0.2386,1.7,0.94662,0.8725,0.7694,0.75287,0.8925,0.56466,0.48276,0.76114,0.82639,0.91725,0.20453,0.76489,638,464,0.96568,0.79922,0.66451,0.75287,0.95558,0.37069,0.25718,0.70869,0.7839,0.94651,0.00234,0.67433,1566,1392,"{""pre"": 0.0, ""0-5s"": 0.0, ""5-10s"": 0.0, ""10-30s"": 0.1667, ""30-60s"": 0.3194, "">60s"": 0.5732}","{""methane"": 0.7313, ""CO"": 0.5977, ""worst"": 0.5977}"
bio,connectome,standard,2,100,5104,263508,18,0.1806,128.4,0.96607,0.91168,0.96983,0.59195,0.86372,0.70905,0.68103,0.78089,0.91371,0.91726,0.5381,0.86677,638,464,0.98302,0.87653,0.90948,0.59195,0.9469,0.66739,0.63721,0.75072,0.92781,0.94915,0.00126,0.8742,1566,1392,"{""pre"": 0.1511, ""0-5s"": 0.6667, ""5-10s"": 0.48, ""10-30s"": 0.6146, ""30-60s"": 0.75, "">60s"": 0.8674}","{""methane"": 0.9555, ""CO"": 0.8635, ""worst"": 0.8635}"
bio,degree,standard,0,5,255,263508,30,0.2956,19.9,0.96937,0.9202,0.94397,0.62644,0.87078,0.71552,0.66379,0.7852,0.90589,0.91282,0.47379,0.85737,638,464,0.9787,0.85381,0.84339,0.62644,0.94754,0.56034,0.52802,0.73491,0.89244,0.95205,0.00386,0.81928,1566,1392,"{""pre"": 0.1318, ""0-5s"": 0.625, ""5-10s"": 0.44, ""10-30s"": 0.5208, ""30-60s"": 0.6597, "">60s"": 0.7172}","{""methane"": 0.8175, ""CO"": 0.8693, ""worst"": 0.8175}"
bio,degree,graded_ln,0,10,510,263508,24,0.2801,24.6,0.97121,0.92749,0.88578,0.75287,0.90529,0.71983,0.65733,0.81932,0.89542,0.92683,0.39057,0.84953,638,464,0.97879,0.85635,0.71193,0.75287,0.95841,0.57615,0.52371,0.7324,0.81698,0.95727,0.01017,0.71648,1566,1392,"{""pre"": 0.1318, ""0-5s"": 0.375, ""5-10s"": 0.32, ""10-30s"": 0.5, ""30-60s"": 0.625, "">60s"": 0.7652}","{""methane"": 0.7069, ""CO"": 0.717, ""worst"": 0.7069}"
bio,random,standard,0,25,1276,263508,14,0.202,29.4,0.96335,0.90745,0.90086,0.70115,0.88936,0.66595,0.64224,0.80101,0.89507,0.91952,0.31204,0.84639,638,464,0.97967,0.86185,0.82184,0.70115,0.95652,0.57759,0.54382,0.76149,0.88408,0.95439,0.00556,0.80843,1566,1392,"{""pre"": 0.1286, ""0-5s"": 0.4167, ""5-10s"": 0.32, ""10-30s"": 0.4688, ""30-60s"": 0.6389, "">60s"": 0.7689}","{""methane"": 0.8506, ""CO"": 0.7931, ""worst"": 0.7931}"
bio,spectrum,standard,0,50,2552,12247627,25,0.6331,50.5,0.82252,0.57331,1.0,0.0,0.72727,0.24784,0.21767,0.5,0.84211,0.8444,0.51374,0.72727,638,464,0.92392,0.56726,1.0,0.0,0.88889,0.16882,0.13578,0.5,0.94118,0.94213,0.51374,0.88889,1566,1392,"{""pre"": 0.0, ""0-5s"": 0.0, ""5-10s"": 0.0, ""10-30s"": 0.0625, ""30-60s"": 0.1667, "">60s"": 0.2588}","{""methane"": 1.0, ""CO"": 1.0, ""worst"": 1.0}"
bio,dense,standard,0,100,5104,12247627,12,0.6488,47.8,0.86372,0.66275,0.39009,0.81034,0.84579,0.31466,0.2931,0.60022,0.53392,0.8444,0.46674,0.5047,638,464,0.9302,0.60591,0.36638,0.81034,0.93923,0.1954,0.17098,0.58836,0.52713,0.94181,0.46673,0.41571,1566,1392,"{""pre"": 0.0, ""0-5s"": 0.0, ""5-10s"": 0.0, ""10-30s"": 0.0833, ""30-60s"": 0.2639, "">60s"": 0.2854}","{""methane"": 0.3362, ""CO"": 0.3966, ""worst"": 0.3362}"
generic,connectome,standard,1,5,255,300871,19,0.2515,12.6,0.93405,0.85088,0.90086,0.61494,0.86186,0.47198,0.41595,0.7579,0.88093,0.90981,0.13434,0.82288,638,464,0.94802,0.74562,0.79526,0.61494,0.94293,0.1954,0.1329,0.7051,0.86282,0.94835,0.00627,0.77522,1566,1392,"{""pre"": 0.0064, ""0-5s"": 0.0417, ""5-10s"": 0.0, ""10-30s"": 0.0938, ""30-60s"": 0.2083, "">60s"": 0.2904}","{""methane"": 0.8664, ""CO"": 0.7241, ""worst"": 0.7241}"
generic,degree,standard,1,10,510,300871,19,0.2361,19.2,0.95099,0.88392,0.88793,0.67816,0.88034,0.56034,0.51509,0.78305,0.88412,0.91984,0.05566,0.83072,638,464,0.97201,0.83341,0.79167,0.67816,0.95164,0.40302,0.35417,0.73491,0.86431,0.96262,0.02668,0.77905,1566,1392,"{""pre"": 0.0225, ""0-5s"": 0.125, ""5-10s"": 0.16, ""10-30s"": 0.2812, ""30-60s"": 0.4653, "">60s"": 0.572}","{""methane"": 0.8305, ""CO"": 0.7529, ""worst"": 0.7529}"
generic,random,standard,1,25,1276,300871,12,0.2148,24.4,0.9526,0.88523,0.81681,0.7069,0.8814,0.5625,0.54957,0.76185,0.84787,0.92354,0.0586,0.78683,638,464,0.96941,0.82018,0.72917,0.7069,0.95216,0.36925,0.34411,0.71803,0.82587,0.96286,0.00844,0.72669,1566,1392,"{""pre"": 0.0161, ""0-5s"": 0.0833, ""5-10s"": 0.12, ""10-30s"": 0.2812, ""30-60s"": 0.3819, "">60s"": 0.5328}","{""methane"": 0.7313, ""CO"": 0.727, ""worst"": 0.727}"
generic,spectrum,standard,1,50,2552,12284990,7,0.5444,14.8,0.9259,0.80054,0.71983,0.75287,0.88594,0.54957,0.52802,0.73635,0.79429,0.84961,0.14395,0.72884,638,464,0.95084,0.68333,0.55747,0.75287,0.9475,0.36207,0.34411,0.65517,0.70194,0.94118,0.04354,0.57918,1566,1392,"{""pre"": 0.074, ""0-5s"": 0.4167, ""5-10s"": 0.24, ""10-30s"": 0.2708, ""30-60s"": 0.3819, "">60s"": 0.4848}","{""methane"": 0.5718, ""CO"": 0.5431, ""worst"": 0.5431}"
generic,dense,standard,1,100,5104,12284990,10,0.3641,38.9,0.93871,0.84229,0.9181,0.5,0.83041,0.57759,0.5431,0.70905,0.87206,0.88048,0.09624,0.80408,638,464,0.96563,0.7793,0.88003,0.5,0.93369,0.43822,0.39871,0.69001,0.90607,0.94336,4e-05,0.8378,1566,1392,"{""pre"": 0.0482, ""0-5s"": 0.25, ""5-10s"": 0.04, ""10-30s"": 0.3229, ""30-60s"": 0.4444, "">60s"": 0.6225}","{""methane"": 0.967, ""CO"": 0.7931, ""worst"": 0.7931}"
bio,adapter_only,standard,2,5,255,502,13,0.5519,0.1,0.87098,0.67317,0.75,0.37356,0.76149,0.38147,0.36207,0.56178,0.7557,0.84538,0.47085,0.64734,638,464,0.94159,0.64162,0.72414,0.37356,0.90242,0.32256,0.29526,0.54885,0.80351,0.94305,0.46912,0.68519,1566,1392,"{""pre"": 0.0, ""0-5s"": 0.0, ""5-10s"": 0.0, ""10-30s"": 0.1354, ""30-60s"": 0.3333, "">60s"": 0.4899}","{""methane"": 0.7055, ""CO"": 0.7428, ""worst"": 0.7055}"
bio,connectome,graded_ln,0,5,255,263508,26,0.27,17.1,0.96726,0.91532,0.98707,0.52874,0.84815,0.71983,0.69181,0.7579,0.91235,0.91343,0.49181,0.86207,638,464,0.97224,0.81858,0.85776,0.52874,0.93574,0.50862,0.45905,0.69325,0.89505,0.95589,0.03496,0.8212,1566,1392,"{""pre"": 0.2026, ""0-5s"": 0.5417, ""5-10s"": 0.36, ""10-30s"": 0.4792, ""30-60s"": 0.5347, "">60s"": 0.6313}","{""methane"": 0.8649, ""CO"": 0.8506, ""worst"": 0.8506}"
bio,degree,standard,0,10,510,263508,23,0.2363,22.6,0.97184,0.92687,0.95905,0.64943,0.87945,0.71983,0.68534,0.80424,0.91753,0.9176,0.41625,0.87461,638,464,0.98373,0.88522,0.88578,0.64943,0.95286,0.625,0.59698,0.7676,0.91809,0.9568,0.00581,0.85951,1566,1392,"{""pre"": 0.1158, ""0-5s"": 0.5833, ""5-10s"": 0.4, ""10-30s"": 0.5521, ""30-60s"": 0.6944, "">60s"": 0.8295}","{""methane"": 0.898, ""CO"": 0.8736, ""worst"": 0.8736}"
bio,degree,graded_ln,0,25,1276,263508,28,0.1873,57.6,0.95055,0.87391,0.94612,0.58621,0.8591,0.63578,0.58836,0.76616,0.90051,0.90619,0.32112,0.84796,638,464,0.97593,0.83316,0.84914,0.58621,0.94258,0.58621,0.55172,0.71767,0.89342,0.95047,0.00211,0.81992,1566,1392,"{""pre"": 0.0193, ""0-5s"": 0.5833, ""5-10s"": 0.32, ""10-30s"": 0.5208, ""30-60s"": 0.6944, "">60s"": 0.8056}","{""methane"": 0.8894, ""CO"": 0.8089, ""worst"": 0.8089}"
bio,random,standard,0,50,2552,263508,12,0.2133,46.0,0.97304,0.93252,0.94397,0.72414,0.90123,0.69612,0.65733,0.83405,0.92211,0.92612,0.45405,0.88401,638,464,0.98469,0.89337,0.84411,0.72414,0.96075,0.6171,0.58621,0.78412,0.89866,0.96044,0.02541,0.83078,1566,1392,"{""pre"": 0.164, ""0-5s"": 0.4167, ""5-10s"": 0.28, ""10-30s"": 0.4688, ""30-60s"": 0.6736, "">60s"": 0.8194}","{""methane"": 0.875, ""CO"": 0.8132, ""worst"": 0.8132}"
bio,spectrum,standard,0,100,5104,12247627,12,0.6267,45.7,0.92284,0.61912,1.0,0.0,0.72727,0.16164,0.16164,0.5,0.84211,0.96258,0.52403,0.72727,638,464,0.96945,0.58322,1.0,0.0,0.88889,0.06609,0.06609,0.5,0.94118,0.98723,0.52403,0.88889,1566,1392,"{""pre"": 0.0, ""0-5s"": 0.0, ""5-10s"": 0.0, ""10-30s"": 0.0312, ""30-60s"": 0.0625, "">60s"": 0.101}","{""methane"": 1.0, ""CO"": 1.0, ""worst"": 1.0}"
bio,dense,standard,1,5,255,12247627,11,0.67,3.5,0.78576,0.60304,0.4806,0.73563,0.829,0.16164,0.10129,0.60812,0.60846,0.84278,0.37727,0.55016,638,464,0.89022,0.5296,0.375,0.73563,0.91901,0.09842,0.0546,0.55532,0.53265,0.94118,0.37656,0.41507,1566,1392,"{""pre"": 0.0, ""0-5s"": 0.0, ""5-10s"": 0.0, ""10-30s"": 0.0417, ""30-60s"": 0.0625, "">60s"": 0.1566}","{""methane"": 0.3693, ""CO"": 0.3807, ""worst"": 0.3693}"
generic,connectome,standard,1,10,510,300871,16,0.2454,15.9,0.95043,0.88464,0.84483,0.71264,0.88688,0.56681,0.48491,0.77874,0.86534,0.92,0.04545,0.80878,638,464,0.97239,0.84156,0.77658,0.71264,0.95579,0.43463,0.3046,0.74461,0.85692,0.96702,0.02728,0.76948,1566,1392,"{""pre"": 0.0161, ""0-5s"": 0.0833, ""5-10s"": 0.16, ""10-30s"": 0.2812, ""30-60s"": 0.4583, "">60s"": 0.6326}","{""methane"": 0.806, ""CO"": 0.7471, ""worst"": 0.7471}"
generic,degree,standard,1,25,1276,300871,14,0.2088,28.1,0.98177,0.95145,0.92672,0.71264,0.89583,0.83621,0.75216,0.81968,0.91102,0.93333,0.2014,0.86834,638,464,0.98646,0.90368,0.80675,0.71264,0.95737,0.6954,0.63075,0.7597,0.87563,0.96752,0.02397,0.7963,1566,1392,"{""pre"": 0.4952, ""0-5s"": 0.625, ""5-10s"": 0.32, ""10-30s"": 0.5312, ""30-60s"": 0.6944, "">60s"": 0.8081}","{""methane"": 0.8233, ""CO"": 0.7902, ""worst"": 0.7902}"
generic,random,standard,1,50,2552,300871,13,0.1925,48.4,0.96457,0.90932,0.93966,0.65517,0.87903,0.69612,0.64871,0.79741,0.90833,0.92555,0.23512,0.86207,638,464,0.9757,0.84083,0.82974,0.65517,0.95062,0.53233,0.47845,0.74246,0.88608,0.95616,0.03078,0.81034,1566,1392,"{""pre"": 0.164, ""0-5s"": 0.2917, ""5-10s"": 0.2, ""10-30s"": 0.375, ""30-60s"": 0.5694, "">60s"": 0.7071}","{""methane"": 0.8851, ""CO"": 0.7744, ""worst"": 0.7744}"
generic,spectrum,standard,1,100,5104,12284990,15,0.2451,61.3,0.948,0.86121,0.85129,0.5977,0.84946,0.63362,0.63147,0.7245,0.85038,0.89246,0.15949,0.78213,638,464,0.96976,0.79413,0.75216,0.5977,0.93733,0.52802,0.52371,0.67493,0.8346,0.94118,0.0,0.73499,1566,1392,"{""pre"": 0.0, ""0-5s"": 0.0, ""5-10s"": 0.08, ""10-30s"": 0.4479, ""30-60s"": 0.5486, "">60s"": 0.7715}","{""methane"": 0.8132, ""CO"": 0.6911, ""worst"": 0.6911}"
generic,dense,standard,2,5,255,12284990,11,0.6779,3.5,0.81879,0.59955,0.57328,0.36207,0.70557,0.27155,0.20905,0.46767,0.63258,0.8685,0.44809,0.51567,638,464,0.94005,0.64824,0.64152,0.36207,0.88944,0.30819,0.2306,0.5018,0.74541,0.94118,0.43339,0.61047,1566,1392,"{""pre"": 0.4148, ""0-5s"": 0.5833, ""5-10s"": 0.36, ""10-30s"": 0.3438, ""30-60s"": 0.2847, "">60s"": 0.2563}","{""methane"": 0.6307, ""CO"": 0.6523, ""worst"": 0.6307}"
bio,adapter_only,standard,2,10,510,502,9,0.5525,0.1,0.86641,0.66529,0.83621,0.22989,0.7433,0.38362,0.34914,0.53305,0.78702,0.84538,0.47985,0.67085,638,464,0.93942,0.63284,0.86207,0.22989,0.89955,0.31394,0.28161,0.54598,0.88041,0.94269,0.47952,0.79183,1566,1392,"{""pre"": 0.0, ""0-5s"": 0.0, ""5-10s"": 0.0, ""10-30s"": 0.1146, ""30-60s"": 0.3264, "">60s"": 0.4785}","{""methane"": 0.8491, ""CO"": 0.875, ""worst"": 0.8491}"
bio,connectome,standard,0,25,1276,263508,12,0.2312,23.5,0.96325,0.90442,0.94397,0.62069,0.86905,0.69828,0.65086,0.78233,0.90496,0.91278,0.43681,0.8558,638,464,0.97857,0.85029,0.86351,0.62069,0.94795,0.59339,0.54885,0.7421,0.90376,0.95039,0.00179,0.83653,1566,1392,"{""pre"": 0.1061, ""0-5s"": 0.625, ""5-10s"": 0.36, ""10-30s"": 0.5312, ""30-60s"": 0.7014, "">60s"": 0.779}","{""methane"": 0.8966, ""CO"": 0.8305, ""worst"": 0.8305}"
bio,connectome,graded_ln,0,50,2552,263508,25,0.1811,92.1,0.97514,0.93516,0.96552,0.68391,0.89066,0.74569,0.72414,0.82471,0.92658,0.93033,0.39912,0.88871,638,464,0.98421,0.88746,0.88362,0.68391,0.9572,0.64871,0.63075,0.78376,0.91894,0.95865,0.00119,0.86143,1566,1392,"{""pre"": 0.209, ""0-5s"": 0.6667, ""5-10s"": 0.36, ""10-30s"": 0.5729, ""30-60s"": 0.6875, "">60s"": 0.8321}","{""methane"": 0.9555, ""CO"": 0.8118, ""worst"": 0.8118}"
bio,degree,standard,0,100,5104,263508,18,0.184,129.9,0.97077,0.92664,0.94828,0.71839,0.8998,0.69828,0.67241,0.83333,0.9234,0.93117,0.22694,0.88558,638,464,0.98652,0.90518,0.87069,0.71839,0.96114,0.65876,0.62428,0.79454,0.91368,0.96496,0.06234,0.85377,1566,1392,"{""pre"": 0.1415, ""0-5s"": 0.625, ""5-10s"": 0.44, ""10-30s"": 0.5938, ""30-60s"": 0.75, "">60s"": 0.8611}","{""methane"": 0.8966, ""CO"": 0.8448, ""worst"": 0.8448}"
bio,degree,graded_ln,1,5,255,263508,23,0.3151,15.3,0.94631,0.87037,0.78233,0.71264,0.87893,0.54957,0.47845,0.74749,0.82782,0.90258,0.34279,0.76332,638,464,0.96239,0.77246,0.62572,0.71839,0.94674,0.36207,0.28305,0.67205,0.75346,0.95153,0.09662,0.63602,1566,1392,"{""pre"": 0.0, ""0-5s"": 0.0, ""5-10s"": 0.16, ""10-30s"": 0.3333, ""30-60s"": 0.4028, "">60s"": 0.5177}","{""methane"": 0.6537, ""CO"": 0.5977, ""worst"": 0.5977}"
bio,random,standard,1,10,510,263508,20,0.1985,20.1,0.97052,0.924,0.8944,0.71264,0.89247,0.72414,0.68103,0.80352,0.89343,0.92385,0.21722,0.84483,638,464,0.98222,0.87605,0.81106,0.71264,0.95759,0.61925,0.5819,0.76185,0.87826,0.95728,0.00207,0.80013,1566,1392,"{""pre"": 0.2026, ""0-5s"": 0.5417, ""5-10s"": 0.32, ""10-30s"": 0.4688, ""30-60s"": 0.6667, "">60s"": 0.8043}","{""methane"": 0.8147, ""CO"": 0.8075, ""worst"": 0.8075}"
bio,spectrum,standard,1,25,1276,12247627,16,0.6644,18.1,0.81645,0.59919,0.4806,0.68966,0.80505,0.28448,0.2694,0.58513,0.60189,0.84211,0.12492,0.53762,638,464,0.91094,0.55225,0.39511,0.6954,0.91211,0.21695,0.17888,0.54526,0.55138,0.94118,0.11634,0.42848,1566,1392,"{""pre"": 0.0, ""0-5s"": 0.0, ""5-10s"": 0.0, ""10-30s"": 0.0312, ""30-60s"": 0.1944, "">60s"": 0.3422}","{""methane"": 0.3937, ""CO"": 0.3966, ""worst"": 0.3937}"
bio,dense,standard,1,50,2552,12247627,8,0.7018,16.4,0.82336,0.58771,0.40517,0.75862,0.81739,0.2694,0.24569,0.5819,0.54179,0.8444,0.38277,0.50157,638,464,0.9229,0.57094,0.36494,0.75862,0.92364,0.21624,0.1796,0.56178,0.52317,0.94233,0.38313,0.40868,1566,1392,"{""pre"": 0.0, ""0-5s"": 0.0, ""5-10s"": 0.0, ""10-30s"": 0.0833, ""30-60s"": 0.2083, "">60s"": 0.3321}","{""methane"": 0.3405, ""CO"": 0.3894, ""worst"": 0.3405}"
generic,connectome,standard,1,100,5104,300871,16,0.1816,113.3,0.98036,0.94769,0.98276,0.65517,0.88372,0.80603,0.76293,0.81897,0.93061,0.93253,0.25628,0.89342,638,464,0.98624,0.9027,0.91092,0.65517,0.95482,0.67601,0.61135,0.78305,0.93235,0.96679,0.03478,0.8825,1566,1392,"{""pre"": 0.2219, ""0-5s"": 0.5417, ""5-10s"": 0.36, ""10-30s"": 0.5938, ""30-60s"": 0.7569, "">60s"": 0.8636}","{""methane"": 0.9468, ""CO"": 0.875, ""worst"": 0.875}"
generic,degree,standard,2,5,255,300871,18,0.2151,11.6,0.96084,0.90104,0.95043,0.62069,0.86982,0.65733,0.59698,0.78556,0.90834,0.91335,0.40934,0.8605,638,464,0.96896,0.80507,0.8283,0.62069,0.94586,0.45546,0.40014,0.7245,0.88319,0.9511,0.04759,0.80524,1566,1392,"{""pre"": 0.2894, ""0-5s"": 0.25, ""5-10s"": 0.16, ""10-30s"": 0.3021, ""30-60s"": 0.4444, "">60s"": 0.5568}","{""methane"": 0.8693, ""CO"": 0.7874, ""worst"": 0.7874}"
generic,random,standard,2,10,510,300871,17,0.2122,16.7,0.96801,0.91366,0.85991,0.6954,0.88274,0.75862,0.70905,0.77766,0.87118,0.90625,0.06852,0.81505,638,464,0.97738,0.83954,0.74928,0.6954,0.95164,0.61207,0.56681,0.72234,0.83842,0.9474,0.01057,0.7433,1566,1392,"{""pre"": 0.2894, ""0-5s"": 0.625, ""5-10s"": 0.2, ""10-30s"": 0.5104, ""30-60s"": 0.6597, "">60s"": 0.7551}","{""methane"": 0.8017, ""CO"": 0.6968, ""worst"": 0.6968}"
generic,spectrum,standard,2,25,1276,12284990,13,0.5768,14.8,0.90458,0.77134,0.61207,0.87356,0.9281,0.61207,0.31466,0.74282,0.73766,0.84848,0.20933,0.68339,638,464,0.9482,0.69961,0.39152,0.87356,0.9612,0.38578,0.2227,0.63254,0.55641,0.94149,0.13518,0.44508,1566,1392,"{""pre"": 0.0, ""0-5s"": 0.0, ""5-10s"": 0.0, ""10-30s"": 0.1667, ""30-60s"": 0.3542, "">60s"": 0.5934}","{""methane"": 0.3822, ""CO"": 0.4009, ""worst"": 0.3822}"
generic,dense,standard,2,50,2552,12284990,23,0.2577,49.8,0.97311,0.93132,0.95259,0.61494,0.86837,0.76293,0.67026,0.78376,0.90853,0.92369,0.29937,0.8605,638,464,0.97636,0.84546,0.79239,0.61494,0.94274,0.55819,0.47701,0.70366,0.86105,0.95983,0.15112,0.77267,1566,1392,"{""pre"": 0.4148, ""0-5s"": 0.4583, ""5-10s"": 0.2, ""10-30s"": 0.3646, ""30-60s"": 0.5069, "">60s"": 0.6616}","{""methane"": 0.7945, ""CO"": 0.7902, ""worst"": 0.7902}"
bio,adapter_only,standard,2,100,5104,502,30,0.2436,1.7,0.94673,0.87312,0.72845,0.81034,0.91105,0.54957,0.4806,0.7694,0.80958,0.91833,0.21002,0.75078,638,464,0.96564,0.79954,0.61422,0.81034,0.96284,0.36207,0.25503,0.71228,0.75,0.94619,0.0031,0.63602,1566,1392,"{""pre"": 0.0, ""0-5s"": 0.0, ""5-10s"": 0.0, ""10-30s"": 0.1562, ""30-60s"": 0.3194, "">60s"": 0.5593}","{""methane"": 0.6782, ""CO"": 0.5503, ""worst"": 0.5503}"
bio,connectome,standard,0,50,2552,263508,20,0.1824,74.8,0.97699,0.94089,0.9181,0.75287,0.90832,0.73922,0.72845,0.83549,0.91318,0.93712,0.05673,0.87304,638,464,0.98813,0.91437,0.86853,0.75287,0.96565,0.68534,0.65805,0.8107,0.91452,0.9607,0.00116,0.85568,1566,1392,"{""pre"": 0.2315, ""0-5s"": 0.6667, ""5-10s"": 0.44, ""10-30s"": 0.6354, ""30-60s"": 0.7847, "">60s"": 0.8598}","{""methane"": 0.8951, ""CO"": 0.842, ""worst"": 0.842}"
bio,connectome,graded_ln,0,100,5104,263508,20,0.1905,147.9,0.97906,0.94746,0.95474,0.75862,0.9134,0.74353,0.70474,0.85668,0.93361,0.94213,0.10464,0.90125,638,464,0.98674,0.90793,0.84124,0.75862,0.96538,0.6444,0.61063,0.79993,0.89904,0.96343,0.01635,0.83206,1566,1392,"{""pre"": 0.1961, ""0-5s"": 0.5417, ""5-10s"": 0.36, ""10-30s"": 0.5208, ""30-60s"": 0.7014, "">60s"": 0.8371}","{""methane"": 0.875, ""CO"": 0.8075, ""worst"": 0.8075}"
bio,degree,standard,1,5,255,263508,24,0.2358,16.2,0.94635,0.87101,0.89871,0.63218,0.86694,0.57974,0.50647,0.76545,0.88254,0.91019,0.38134,0.82602,638,464,0.96824,0.80646,0.80819,0.63218,0.94617,0.42529,0.33405,0.72019,0.87176,0.95231,0.03879,0.78863,1566,1392,"{""pre"": 0.0, ""0-5s"": 0.375, ""5-10s"": 0.24, ""10-30s"": 0.3958, ""30-60s"": 0.4861, "">60s"": 0.5922}","{""methane"": 0.8103, ""CO"": 0.806, ""worst"": 0.806}"
bio,degree,graded_ln,1,10,510,263508,30,0.2043,31.1,0.96669,0.91677,0.94397,0.71839,0.89938,0.68319,0.65302,0.83118,0.92114,0.92581,0.44729,0.88245,638,464,0.98049,0.86697,0.82399,0.71264,0.95823,0.58261,0.53736,0.76832,0.88606,0.9567,0.00556,0.81162,1566,1392,"{""pre"": 0.1543, ""0-5s"": 0.5, ""5-10s"": 0.32, ""10-30s"": 0.5, ""30-60s"": 0.6528, "">60s"": 0.7588}","{""methane"": 0.8405, ""CO"": 0.8075, ""worst"": 0.8075}"
bio,random,standard,1,25,1276,263508,27,0.1923,56.9,0.97894,0.94537,0.88362,0.79885,0.92135,0.78664,0.72414,0.84124,0.90209,0.92915,0.21962,0.8605,638,464,0.98958,0.92378,0.83549,0.79885,0.97078,0.73779,0.67672,0.81717,0.89807,0.96765,0.03716,0.83142,1566,1392,"{""pre"": 0.4277, ""0-5s"": 0.5833, ""5-10s"": 0.4, ""10-30s"": 0.6146, ""30-60s"": 0.7569, "">60s"": 0.8864}","{""methane"": 0.8362, ""CO"": 0.8348, ""worst"": 0.8348}"
bio,spectrum,standard,1,50,2552,12247627,10,0.7,20.6,0.80733,0.60439,0.39871,0.72989,0.79741,0.31681,0.29526,0.5643,0.53161,0.84473,0.34894,0.48903,638,464,0.91257,0.54871,0.35345,0.72989,0.9128,0.28448,0.27443,0.54167,0.50958,0.94118,0.0144,0.39527,1566,1392,"{""pre"": 0.0, ""0-5s"": 0.0, ""5-10s"": 0.0, ""10-30s"": 0.0938, ""30-60s"": 0.3125, "">60s"": 0.4318}","{""methane"": 0.3506, ""CO"": 0.3563, ""worst"": 0.3506}"
bio,dense,standard,1,100,5104,12247627,24,0.627,91.0,0.84191,0.5186,1.0,0.0,0.72727,0.0431,0.0,0.5,0.84211,0.8444,0.53274,0.72727,638,464,0.94461,0.53512,1.0,0.0,0.88889,0.04598,0.0,0.5,0.94118,0.94245,0.53274,0.88889,1566,1392,"{""pre"": 0.0, ""0-5s"": 0.0, ""5-10s"": 0.0, ""10-30s"": 0.0, ""30-60s"": 0.0139, "">60s"": 0.0783}","{""methane"": 1.0, ""CO"": 1.0, ""worst"": 1.0}"
generic,connectome,standard,2,5,255,300871,22,0.2329,14.5,0.97545,0.9336,0.94397,0.66092,0.88129,0.80388,0.75216,0.80244,0.91155,0.91268,0.48817,0.86677,638,464,0.97714,0.83997,0.78233,0.66092,0.94861,0.59483,0.55603,0.72162,0.85748,0.94891,0.04687,0.76884,1566,1392,"{""pre"": 0.3698, ""0-5s"": 0.375, ""5-10s"": 0.2, ""10-30s"": 0.4167, ""30-60s"": 0.5903, "">60s"": 0.7247}","{""methane"": 0.8405, ""CO"": 0.7241, ""worst"": 0.7241}"
generic,degree,standard,2,10,510,300871,18,0.206,18.1,0.97356,0.93045,0.95259,0.62069,0.87008,0.76724,0.72414,0.78664,0.90947,0.92,0.25369,0.86207,638,464,0.97903,0.85397,0.83118,0.62069,0.94603,0.61207,0.55388,0.72593,0.88489,0.95472,0.01974,0.80779,1566,1392,"{""pre"": 0.4566, ""0-5s"": 0.5833, ""5-10s"": 0.36, ""10-30s"": 0.4583, ""30-60s"": 0.6111, "">60s"": 0.7008}","{""methane"": 0.8621, ""CO"": 0.8003, ""worst"": 0.8003}"
generic,random,standard,2,25,1276,300871,15,0.2184,30.8,0.97907,0.94506,0.94181,0.75287,0.91042,0.75,0.72629,0.84734,0.92585,0.93194,0.4208,0.89028,638,464,0.98602,0.90159,0.84052,0.75287,0.96455,0.64871,0.59339,0.7967,0.89827,0.95767,0.0251,0.83078,1566,1392,"{""pre"": 0.3183, ""0-5s"": 0.5833, ""5-10s"": 0.32, ""10-30s"": 0.5521, ""30-60s"": 0.6944, "">60s"": 0.7942}","{""methane"": 0.8937, ""CO"": 0.7874, ""worst"": 0.7874}"
generic,spectrum,standard,2,50,2552,12284990,18,0.2734,36.7,0.96484,0.90911,0.94181,0.61494,0.86706,0.69181,0.67026,0.77838,0.90289,0.91784,0.3356,0.85266,638,464,0.96822,0.79646,0.77586,0.61494,0.94159,0.45833,0.43678,0.6954,0.85073,0.94632,0.04015,0.75798,1566,1392,"{""pre"": 0.0096, ""0-5s"": 0.1667, ""5-10s"": 0.12, ""10-30s"": 0.2812, ""30-60s"": 0.4792, "">60s"": 0.6717}","{""methane"": 0.7989, ""CO"": 0.7529, ""worst"": 0.7529}"
generic,dense,standard,2,100,5104,12284990,16,0.5406,61.7,0.8852,0.69939,1.0,0.0,0.72727,0.46121,0.45474,0.5,0.84211,0.84765,0.52009,0.72727,638,464,0.9449,0.66659,1.0,0.0,0.88889,0.3477,0.34698,0.5,0.94118,0.94393,0.51982,0.88889,1566,1392,"{""pre"": 0.0, ""0-5s"": 0.0, ""5-10s"": 0.0, ""10-30s"": 0.125, ""30-60s"": 0.375, "">60s"": 0.5278}","{""methane"": 1.0, ""CO"": 1.0, ""worst"": 1.0}"
bio,connectome,standard,0,100,5104,263508,14,0.2068,99.0,0.97729,0.94184,0.84052,0.82184,0.92637,0.75,0.71121,0.83118,0.88136,0.93388,0.12316,0.83542,638,464,0.98815,0.91436,0.77586,0.82184,0.9721,0.69325,0.65589,0.79885,0.86296,0.96119,0.03232,0.78097,1566,1392,"{""pre"": 0.1994, ""0-5s"": 0.6667, ""5-10s"": 0.44, ""10-30s"": 0.6562, ""30-60s"": 0.7986, "">60s"": 0.8813}","{""methane"": 0.7989, ""CO"": 0.7529, ""worst"": 0.7529}"
bio,connectome,graded_ln,1,5,255,263508,30,0.2272,19.6,0.96021,0.8996,0.9569,0.62644,0.8723,0.64655,0.61422,0.79167,0.91264,0.92216,0.32906,0.86677,638,464,0.97324,0.82723,0.82615,0.62644,0.9465,0.47629,0.44253,0.72629,0.88224,0.95724,0.01393,0.80396,1566,1392,"{""pre"": 0.0129, ""0-5s"": 0.4167, ""5-10s"": 0.36, ""10-30s"": 0.4583, ""30-60s"": 0.5417, "">60s"": 0.654}","{""methane"": 0.8233, ""CO"": 0.829, ""worst"": 0.8233}"
bio,degree,standard,1,10,510,263508,22,0.2168,21.9,0.96684,0.91525,0.93319,0.68966,0.88912,0.69612,0.66164,0.81142,0.91062,0.92339,0.2951,0.86677,638,464,0.98212,0.87443,0.87356,0.68966,0.95748,0.6171,0.5783,0.78161,0.9136,0.94881,0.00641,0.85313,1566,1392,"{""pre"": 0.1318, ""0-5s"": 0.5833, ""5-10s"": 0.36, ""10-30s"": 0.5521, ""30-60s"": 0.7222, "">60s"": 0.8056}","{""methane"": 0.8879, ""CO"": 0.8592, ""worst"": 0.8592}"
bio,degree,graded_ln,1,25,1276,263508,26,0.1951,53.7,0.97021,0.92508,0.89655,0.72989,0.89849,0.69612,0.67026,0.81322,0.89752,0.93617,0.22839,0.8511,638,464,0.98429,0.88782,0.81968,0.72989,0.96044,0.6523,0.62213,0.77478,0.8845,0.95343,0.0022,0.80971,1566,1392,"{""pre"": 0.1961, ""0-5s"": 0.625, ""5-10s"": 0.4, ""10-30s"": 0.5625, ""30-60s"": 0.7222, "">60s"": 0.8384}","{""methane"": 0.8578, ""CO"": 0.7816, ""worst"": 0.7816}"
bio,random,standard,1,50,2552,263508,16,0.1885,61.3,0.95147,0.87412,0.90948,0.58046,0.85253,0.63793,0.60345,0.74497,0.88008,0.89767,0.13404,0.81975,638,464,0.97848,0.84985,0.88721,0.58046,0.94419,0.6092,0.56034,0.73384,0.91481,0.94437,1e-05,0.85313,1566,1392,"{""pre"": 0.0547, ""0-5s"": 0.625, ""5-10s"": 0.48, ""10-30s"": 0.5521, ""30-60s"": 0.6944, "">60s"": 0.822}","{""methane"": 0.9382, ""CO"": 0.8362, ""worst"": 0.8362}"
bio,spectrum,standard,1,100,5104,12247627,21,0.6244,85.3,0.83174,0.60485,1.0,0.0,0.72727,0.2931,0.24784,0.5,0.84211,0.8444,0.54585,0.72727,638,464,0.92654,0.58437,1.0,0.0,0.88889,0.25647,0.19253,0.5,0.94118,0.94213,0.54585,0.88889,1566,1392,"{""pre"": 0.0, ""0-5s"": 0.0, ""5-10s"": 0.04, ""10-30s"": 0.0833, ""30-60s"": 0.2917, "">60s"": 0.3864}","{""methane"": 1.0, ""CO"": 1.0, ""worst"": 1.0}"
bio,dense,standard,2,5,255,12247627,9,0.6932,2.8,0.76731,0.5936,0.39009,0.82759,0.85782,0.07759,0.04095,0.60884,0.5363,0.84211,0.42111,0.5094,638,464,0.90692,0.58008,0.36351,0.82759,0.94403,0.09698,0.05244,0.59555,0.5249,0.94118,0.42019,0.41507,1566,1392,"{""pre"": 0.0, ""0-5s"": 0.0, ""5-10s"": 0.0, ""10-30s"": 0.0104, ""30-60s"": 0.0903, "">60s"": 0.1528}","{""methane"": 0.3391, ""CO"": 0.3879, ""worst"": 0.3391}"
generic,connectome,standard,2,10,510,300871,22,0.2095,21.9,0.97836,0.94487,0.94612,0.71839,0.89959,0.81681,0.71336,0.83226,0.92227,0.93023,0.15148,0.88401,638,464,0.98541,0.89643,0.86207,0.71839,0.96077,0.69468,0.625,0.79023,0.90875,0.9555,0.00669,0.8461,1566,1392,"{""pre"": 0.6817, ""0-5s"": 0.7083, ""5-10s"": 0.44, ""10-30s"": 0.5208, ""30-60s"": 0.6458, "">60s"": 0.7374}","{""methane"": 0.8966, ""CO"": 0.8276, ""worst"": 0.8276}"
generic,degree,standard,2,25,1276,300871,10,0.2271,20.2,0.95649,0.88864,0.89009,0.63218,0.86583,0.64009,0.62931,0.76114,0.87779,0.91018,0.28238,0.81975,638,464,0.96894,0.79754,0.75503,0.63218,0.9426,0.45905,0.44684,0.69361,0.83845,0.94838,0.01598,0.74138,1566,1392,"{""pre"": 0.0257, ""0-5s"": 0.25, ""5-10s"": 0.16, ""10-30s"": 0.375, ""30-60s"": 0.5278, "">60s"": 0.6427}","{""methane"": 0.8218, ""CO"": 0.6882, ""worst"": 0.6882}"
generic,random,standard,2,50,2552,300871,12,0.1947,44.9,0.97048,0.92228,0.90948,0.64368,0.8719,0.74569,0.69397,0.77658,0.8903,0.926,0.12109,0.83699,638,464,0.98099,0.87047,0.85273,0.64368,0.95036,0.59555,0.55101,0.7482,0.8989,0.96208,0.04402,0.8295,1566,1392,"{""pre"": 0.3023, ""0-5s"": 0.4167, ""5-10s"": 0.2, ""10-30s"": 0.4271, ""30-60s"": 0.625, "">60s"": 0.7437}","{""methane"": 0.8592, ""CO"": 0.8463, ""worst"": 0.8463}"
generic,spectrum,standard,2,100,5104,12284990,8,0.5717,33.0,0.90785,0.7532,0.56897,0.86207,0.91667,0.5431,0.53017,0.71552,0.70213,0.84287,0.00444,0.6489,638,464,0.96688,0.7747,0.53664,0.94828,0.9881,0.5704,0.52802,0.74246,0.69553,0.94118,0.0015,0.58238,1566,1392,"{""pre"": 0.2797, ""0-5s"": 0.4167, ""5-10s"": 0.36, ""10-30s"": 0.4479, ""30-60s"": 0.5625, "">60s"": 0.7121}","{""methane"": 0.5014, ""CO"": 0.5718, ""worst"": 0.5014}"
bio,adapter_only,standard,0,5,255,502,15,0.5464,0.1,0.8514,0.64588,0.72629,0.39655,0.76244,0.30172,0.27586,0.56142,0.74393,0.8444,0.45877,0.63636,638,464,0.92702,0.59538,0.69612,0.39655,0.90223,0.20259,0.17601,0.54634,0.78589,0.94213,0.45677,0.66284,1566,1392,"{""pre"": 0.0, ""0-5s"": 0.0, ""5-10s"": 0.0, ""10-30s"": 0.0729, ""30-60s"": 0.2222, "">60s"": 0.3068}","{""methane"": 0.681, ""CO"": 0.7112, ""worst"": 0.681}"
bio,connectome,standard,1,5,255,263508,30,0.2233,19.6,0.9737,0.93189,0.94828,0.70115,0.89431,0.74138,0.69181,0.82471,0.9205,0.92688,0.46605,0.88088,638,464,0.98222,0.87518,0.84698,0.70115,0.95776,0.61782,0.57399,0.77407,0.89897,0.95271,0.01646,0.83078,1566,1392,"{""pre"": 0.2026, ""0-5s"": 0.5, ""5-10s"": 0.32, ""10-30s"": 0.5104, ""30-60s"": 0.7014, "">60s"": 0.7917}","{""methane"": 0.8621, ""CO"": 0.8319, ""worst"": 0.8319}"
bio,connectome,graded_ln,1,10,510,263508,20,0.2223,19.9,0.96881,0.91895,0.92026,0.65517,0.8768,0.73707,0.69181,0.78772,0.898,0.92292,0.26943,0.84796,638,464,0.9786,0.85412,0.77945,0.65517,0.9476,0.6092,0.54454,0.71731,0.85534,0.95716,0.02089,0.76564,1566,1392,"{""pre"": 0.2701, ""0-5s"": 0.5833, ""5-10s"": 0.36, ""10-30s"": 0.5208, ""30-60s"": 0.6806, "">60s"": 0.7487}","{""methane"": 0.7744, ""CO"": 0.7845, ""worst"": 0.7744}"
bio,degree,standard,1,25,1276,263508,24,0.2014,48.7,0.96781,0.91654,0.85991,0.72989,0.89462,0.71121,0.67888,0.7949,0.87692,0.92181,0.24611,0.82445,638,464,0.9851,0.89322,0.8125,0.72989,0.9601,0.6717,0.63937,0.77119,0.88016,0.95445,0.00494,0.80332,1566,1392,"{""pre"": 0.2444, ""0-5s"": 0.625, ""5-10s"": 0.44, ""10-30s"": 0.5729, ""30-60s"": 0.7292, "">60s"": 0.8497}","{""methane"": 0.8247, ""CO"": 0.8003, ""worst"": 0.8003}"
bio,degree,graded_ln,1,50,2552,263508,20,0.1785,76.8,0.96707,0.91805,0.95043,0.71264,0.89817,0.6875,0.65302,0.83154,0.92356,0.93769,0.34983,0.88558,638,464,0.9841,0.88948,0.86063,0.71264,0.95994,0.63147,0.60345,0.78664,0.90758,0.96127,0.00121,0.84419,1566,1392,"{""pre"": 0.0932, ""0-5s"": 0.5417, ""5-10s"": 0.36, ""10-30s"": 0.5417, ""30-60s"": 0.7361, "">60s"": 0.846}","{""methane"": 0.8966, ""CO"": 0.8247, ""worst"": 0.8247}"
bio,random,standard,1,100,5104,263508,15,0.1798,111.0,0.96729,0.91732,0.96767,0.66667,0.8856,0.69181,0.67241,0.81717,0.92482,0.92673,0.51456,0.88558,638,464,0.98334,0.88053,0.87859,0.66667,0.95472,0.65805,0.62284,0.77263,0.91508,0.9552,0.0001,0.85504,1566,1392,"{""pre"": 0.1961, ""0-5s"": 0.625, ""5-10s"": 0.36, ""10-30s"": 0.5521, ""30-60s"": 0.7083, "">60s"": 0.8535}","{""methane"": 0.9382, ""CO"": 0.819, ""worst"": 0.819}"
bio,spectrum,standard,2,5,255,12247627,20,0.694,6.1,0.7475,0.58593,0.36853,0.82184,0.84653,0.03233,0.01293,0.59519,0.51351,0.84211,0.41363,0.49216,638,464,0.89704,0.56388,0.36063,0.82184,0.94184,0.05532,0.02802,0.59124,0.52156,0.94149,0.41363,0.41188,1566,1392,"{""pre"": 0.0, ""0-5s"": 0.0, ""5-10s"": 0.0, ""10-30s"": 0.0, ""30-60s"": 0.0417, "">60s"": 0.0896}","{""methane"": 0.3333, ""CO"": 0.3879, ""worst"": 0.3333}"
bio,dense,standard,2,10,510,12247627,13,0.6827,6.3,0.7201,0.41333,0.61638,0.17816,0.66667,0.03448,0.03448,0.39727,0.64054,0.84211,0.49453,0.49687,638,464,0.88339,0.41886,0.63506,0.17816,0.86076,0.04526,0.04526,0.40661,0.73088,0.94149,0.49453,0.58429,1566,1392,"{""pre"": 0.0, ""0-5s"": 0.0, ""5-10s"": 0.08, ""10-30s"": 0.1458, ""30-60s"": 0.0694, "">60s"": 0.0467}","{""methane"": 0.6638, ""CO"": 0.6063, ""worst"": 0.6063}"
generic,connectome,standard,2,25,1276,300871,10,0.1926,20.3,0.9706,0.9228,0.92888,0.64943,0.87602,0.73707,0.69828,0.78915,0.90167,0.91566,0.27664,0.85266,638,464,0.9793,0.85599,0.8204,0.64943,0.94929,0.59698,0.54813,0.73491,0.88015,0.95064,0.02323,0.8014,1566,1392,"{""pre"": 0.2765, ""0-5s"": 0.5417, ""5-10s"": 0.28, ""10-30s"": 0.4792, ""30-60s"": 0.6667, "">60s"": 0.7361}","{""methane"": 0.8693, ""CO"": 0.7716, ""worst"": 0.7716}"
generic,degree,standard,2,50,2552,300871,10,0.1942,37.5,0.9832,0.95552,0.95043,0.72989,0.90369,0.85991,0.76509,0.84016,0.92647,0.92872,0.49159,0.89028,638,464,0.98753,0.90807,0.85273,0.72989,0.96191,0.74497,0.66092,0.79131,0.90404,0.95778,0.07183,0.83908,1566,1392,"{""pre"": 0.6238, ""0-5s"": 0.6667, ""5-10s"": 0.44, ""10-30s"": 0.5833, ""30-60s"": 0.75, "">60s"": 0.8232}","{""methane"": 0.8922, ""CO"": 0.8132, ""worst"": 0.8132}"
generic,random,standard,2,100,5104,300871,26,0.1776,187.7,0.97437,0.93428,0.98707,0.64943,0.88247,0.71552,0.7069,0.81825,0.93184,0.93347,0.25038,0.89498,638,464,0.9804,0.86359,0.89009,0.64943,0.95308,0.55172,0.54382,0.76976,0.92051,0.94558,0.0,0.86335,1566,1392,"{""pre"": 0.0096, ""0-5s"": 0.4167, ""5-10s"": 0.24, ""10-30s"": 0.4271, ""30-60s"": 0.6111, "">60s"": 0.7828}","{""methane"": 0.9655, ""CO"": 0.8147, ""worst"": 0.8147}"
generic,dense,standard,0,5,255,12284990,6,1.0,1.8,0.90419,0.72868,0.52371,0.98276,0.9878,0.6056,0.57759,0.75323,0.68451,0.85495,0.00053,0.6489,638,464,0.94463,0.62309,0.37787,0.98276,0.99433,0.51796,0.50647,0.68032,0.54763,0.94118,0.0004,0.44508,1566,1392,"{""pre"": 0.0, ""0-5s"": 0.0, ""5-10s"": 0.0, ""10-30s"": 0.1979, ""30-60s"": 0.5, "">60s"": 0.7955}","{""methane"": 0.3348, ""CO"": 0.421, ""worst"": 0.3348}"
bio,adapter_only,standard,0,10,510,502,10,0.5473,0.1,0.8502,0.6428,0.74569,0.34483,0.75217,0.29957,0.27371,0.54526,0.74892,0.8444,0.4664,0.63636,638,464,0.92769,0.59527,0.71767,0.34483,0.89757,0.2148,0.18175,0.53125,0.7976,0.94213,0.46538,0.67625,1566,1392,"{""pre"": 0.0, ""0-5s"": 0.0, ""5-10s"": 0.0, ""10-30s"": 0.0729, ""30-60s"": 0.2292, "">60s"": 0.327}","{""methane"": 0.704, ""CO"": 0.7313, ""worst"": 0.704}"
bio,connectome,standard,1,10,510,263508,22,0.2063,21.8,0.97628,0.93979,0.93966,0.74138,0.90644,0.73707,0.70043,0.84052,0.92275,0.94045,0.37586,0.88558,638,464,0.98793,0.9116,0.875,0.74138,0.96437,0.71121,0.65158,0.80819,0.91751,0.95478,0.01464,0.86015,1566,1392,"{""pre"": 0.3955, ""0-5s"": 0.625, ""5-10s"": 0.36, ""10-30s"": 0.6042, ""30-60s"": 0.75, "">60s"": 0.8548}","{""methane"": 0.8879, ""CO"": 0.8621, ""worst"": 0.8621}"
bio,connectome,graded_ln,1,25,1276,263508,17,0.2121,34.4,0.95006,0.8755,0.86638,0.63218,0.86266,0.58836,0.5625,0.74928,0.86452,0.90763,0.25614,0.80251,638,464,0.9739,0.83057,0.80747,0.63218,0.94613,0.48491,0.4569,0.71983,0.87132,0.95528,0.06088,0.78799,1566,1392,"{""pre"": 0.0032, ""0-5s"": 0.4583, ""5-10s"": 0.32, ""10-30s"": 0.4271, ""30-60s"": 0.5556, "">60s"": 0.6742}","{""methane"": 0.8261, ""CO"": 0.7888, ""worst"": 0.7888}"
bio,degree,standard,1,50,2552,263508,21,0.1939,79.2,0.96253,0.90631,0.94181,0.70115,0.89366,0.65517,0.63793,0.82148,0.9171,0.92181,0.35455,0.87618,638,464,0.98337,0.88372,0.87644,0.70115,0.95912,0.63003,0.60345,0.78879,0.91592,0.95763,0.00293,0.85696,1566,1392,"{""pre"": 0.1318, ""0-5s"": 0.5417, ""5-10s"": 0.36, ""10-30s"": 0.5417, ""30-60s"": 0.7153, "">60s"": 0.8321}","{""methane"": 0.9239, ""CO"": 0.829, ""worst"": 0.829}"
bio,degree,graded_ln,1,100,5104,263508,16,0.1796,118.3,0.96133,0.90305,0.9181,0.64943,0.87474,0.67457,0.59914,0.78376,0.8959,0.92786,0.22536,0.84483,638,464,0.98017,0.86303,0.83046,0.64943,0.94988,0.62284,0.56681,0.73994,0.88616,0.95922,0.00297,0.81034,1566,1392,"{""pre"": 0.0289, ""0-5s"": 0.625, ""5-10s"": 0.36, ""10-30s"": 0.5521, ""30-60s"": 0.7292, "">60s"": 0.8535}","{""methane"": 0.8549, ""CO"": 0.806, ""worst"": 0.806}"
bio,random,standard,2,5,255,263508,25,0.2697,16.6,0.96779,0.91528,0.88578,0.6954,0.88578,0.71336,0.67241,0.79059,0.88578,0.90782,0.16752,0.83386,638,464,0.98222,0.87598,0.82184,0.6954,0.95572,0.60489,0.56825,0.75862,0.88374,0.95475,0.05659,0.80779,1566,1392,"{""pre"": 0.1865, ""0-5s"": 0.25, ""5-10s"": 0.16, ""10-30s"": 0.4167, ""30-60s"": 0.6111, "">60s"": 0.8157}","{""methane"": 0.8233, ""CO"": 0.8204, ""worst"": 0.8204}"
bio,spectrum,standard,2,10,510,12247627,8,0.6997,3.9,0.69288,0.42552,0.6056,0.18966,0.66588,0.10129,0.04526,0.39763,0.63431,0.84211,0.44485,0.49216,638,464,0.86577,0.42863,0.63003,0.18966,0.86149,0.10129,0.03305,0.40984,0.7278,0.94118,0.44485,0.5811,1566,1392,"{""pre"": 0.0, ""0-5s"": 0.0417, ""5-10s"": 0.08, ""10-30s"": 0.2083, ""30-60s"": 0.1458, "">60s"": 0.1225}","{""methane"": 0.6624, ""CO"": 0.5977, ""worst"": 0.5977}"
bio,dense,standard,2,25,1276,12247627,19,0.6432,20.7,0.851,0.63256,0.40733,0.83908,0.87097,0.3556,0.31681,0.6232,0.55507,0.8451,0.45511,0.52508,638,464,0.93593,0.61759,0.35129,0.83908,0.94584,0.30388,0.25503,0.59519,0.51231,0.94273,0.45494,0.40549,1566,1392,"{""pre"": 0.0, ""0-5s"": 0.0, ""5-10s"": 0.0, ""10-30s"": 0.0833, ""30-60s"": 0.3194, "">60s"": 0.4659}","{""methane"": 0.3075, ""CO"": 0.3951, ""worst"": 0.3075}"
generic,connectome,standard,2,50,2552,300871,14,0.1908,52.1,0.9684,0.91377,0.93966,0.57471,0.8549,0.74138,0.73276,0.75718,0.89528,0.90348,0.39814,0.84013,638,464,0.9725,0.81098,0.8046,0.57471,0.93802,0.54095,0.52155,0.68966,0.8662,0.94983,0.00651,0.77905,1566,1392,"{""pre"": 0.0547, ""0-5s"": 0.4167, ""5-10s"": 0.28, ""10-30s"": 0.4375, ""30-60s"": 0.6111, "">60s"": 0.7437}","{""methane"": 0.8405, ""CO"": 0.7687, ""worst"": 0.7687}"
generic,degree,standard,2,100,5104,300871,15,0.1823,106.7,0.96958,0.92027,0.93534,0.66092,0.88032,0.71121,0.70474,0.79813,0.907,0.91968,0.12956,0.8605,638,464,0.97951,0.85421,0.84339,0.66092,0.95215,0.59698,0.58549,0.75216,0.89448,0.94597,1e-05,0.82312,1566,1392,"{""pre"": 0.0707, ""0-5s"": 0.5833, ""5-10s"": 0.28, ""10-30s"": 0.5, ""30-60s"": 0.6806, "">60s"": 0.8106}","{""methane"": 0.9152, ""CO"": 0.7716, ""worst"": 0.7716}"
generic,spectrum,standard,0,5,255,12284990,6,1.0,1.9,0.60364,0.22159,0.47198,0.06897,0.5748,0.04095,0.03017,0.27047,0.51834,0.84211,3e-05,0.36207,638,464,0.861,0.35297,0.64727,0.06897,0.8476,0.09267,0.07615,0.35812,0.73401,0.94118,3e-05,0.58301,1566,1392,"{""pre"": 0.0, ""0-5s"": 0.0, ""5-10s"": 0.04, ""10-30s"": 0.0833, ""30-60s"": 0.1111, "">60s"": 0.1313}","{""methane"": 0.6911, ""CO"": 0.6034, ""worst"": 0.6034}"
generic,dense,standard,0,10,510,12284990,21,0.5083,10.9,0.83305,0.6712,0.78879,0.44253,0.7905,0.2069,0.11207,0.61566,0.78964,0.85607,0.03161,0.69436,638,464,0.90734,0.56783,0.67098,0.44253,0.90592,0.10704,0.06034,0.55675,0.77095,0.94118,0.00786,0.64559,1566,1392,"{""pre"": 0.0, ""0-5s"": 0.0, ""5-10s"": 0.0, ""10-30s"": 0.0938, ""30-60s"": 0.1042, "">60s"": 0.1578}","{""methane"": 0.6839, ""CO"": 0.658, ""worst"": 0.658}"
bio,adapter_only,standard,0,25,1276,502,8,0.5533,0.1,0.85799,0.65665,0.69181,0.44253,0.76794,0.31681,0.2931,0.56717,0.72789,0.8444,0.44773,0.62382,638,464,0.93003,0.60467,0.65805,0.44253,0.90424,0.22701,0.18822,0.55029,0.76175,0.94181,0.44336,0.6341,1566,1392,"{""pre"": 0.0, ""0-5s"": 0.0, ""5-10s"": 0.0, ""10-30s"": 0.0729, ""30-60s"": 0.2431, "">60s"": 0.346}","{""methane"": 0.6307, ""CO"": 0.6853, ""worst"": 0.6307}"
bio,connectome,standard,1,25,1276,263508,24,0.1814,48.0,0.97442,0.93437,0.93319,0.71264,0.89648,0.71983,0.69181,0.82292,0.91447,0.92771,0.03631,0.87304,638,464,0.98705,0.90665,0.87572,0.71264,0.9606,0.66523,0.63075,0.79418,0.9162,0.96165,0.03456,0.8576,1566,1392,"{""pre"": 0.164, ""0-5s"": 0.625, ""5-10s"": 0.44, ""10-30s"": 0.6146, ""30-60s"": 0.7639, "">60s"": 0.8586}","{""methane"": 0.9023, ""CO"": 0.8491, ""worst"": 0.8491}"
bio,connectome,graded_ln,1,50,2552,263508,14,0.1807,52.6,0.95667,0.88825,0.875,0.63793,0.86567,0.66164,0.6444,0.75647,0.87031,0.91331,0.17608,0.81034,638,464,0.97788,0.84867,0.82543,0.63793,0.94802,0.58046,0.55819,0.73168,0.88249,0.95255,0.01908,0.8046,1566,1392,"{""pre"": 0.045, ""0-5s"": 0.5833, ""5-10s"": 0.28, ""10-30s"": 0.4896, ""30-60s"": 0.6667, "">60s"": 0.7955}","{""methane"": 0.8534, ""CO"": 0.7974, ""worst"": 0.7974}"
bio,degree,standard,1,100,5104,263508,16,0.1764,116.3,0.96645,0.91554,0.9375,0.6954,0.89139,0.69397,0.66379,0.81645,0.91387,0.9336,0.1121,0.87147,638,464,0.98361,0.88647,0.85273,0.6954,0.95726,0.63362,0.61566,0.77407,0.90198,0.96175,0.00458,0.83525,1566,1392,"{""pre"": 0.0707, ""0-5s"": 0.5833, ""5-10s"": 0.4, ""10-30s"": 0.6042, ""30-60s"": 0.7361, "">60s"": 0.8485}","{""methane"": 0.8851, ""CO"": 0.8204, ""worst"": 0.8204}"
bio,degree,graded_ln,2,5,255,263508,30,0.219,20.1,0.96798,0.91575,0.93534,0.66092,0.88032,0.71336,0.68966,0.79813,0.907,0.91192,0.47124,0.8605,638,464,0.98131,0.86688,0.82902,0.66092,0.95136,0.6444,0.60489,0.74497,0.88599,0.95334,0.00956,0.81034,1566,1392,"{""pre"": 0.4855, ""0-5s"": 0.5417, ""5-10s"": 0.36, ""10-30s"": 0.5104, ""30-60s"": 0.6319, "">60s"": 0.7374}","{""methane"": 0.8376, ""CO"": 0.8204, ""worst"": 0.8204}"
bio,random,standard,2,10,510,263508,30,0.2058,30.4,0.9655,0.91149,0.88793,0.7069,0.88985,0.70259,0.66379,0.79741,0.88889,0.91931,0.35605,0.83856,638,464,0.97852,0.85055,0.7658,0.7069,0.95434,0.5977,0.56609,0.73635,0.84974,0.95271,0.00624,0.75926,1566,1392,"{""pre"": 0.0965, ""0-5s"": 0.625, ""5-10s"": 0.32, ""10-30s"": 0.5312, ""30-60s"": 0.6944, "">60s"": 0.7929}","{""methane"": 0.796, ""CO"": 0.7356, ""worst"": 0.7356}"
bio,spectrum,standard,2,25,1276,12247627,12,0.6738,13.2,0.8525,0.64043,0.43966,0.81609,0.86441,0.29095,0.28233,0.62787,0.58286,0.84615,0.34228,0.54232,638,464,0.93134,0.59747,0.38075,0.81609,0.94306,0.25575,0.20977,0.59842,0.54248,0.94118,0.03092,0.42912,1566,1392,"{""pre"": 0.0, ""0-5s"": 0.0, ""5-10s"": 0.0, ""10-30s"": 0.0625, ""30-60s"": 0.2222, "">60s"": 0.4015}","{""methane"": 0.352, ""CO"": 0.4095, ""worst"": 0.352}"
bio,dense,standard,2,50,2552,12247627,15,0.4652,30.5,0.97027,0.91823,0.61638,1.0,1.0,0.74138,0.70259,0.80819,0.76267,0.91539,0.27226,0.721,638,464,0.98656,0.89936,0.48994,1.0,1.0,0.69684,0.66451,0.74497,0.65767,0.94401,0.20915,0.54662,1566,1392,"{""pre"": 0.2637, ""0-5s"": 0.625, ""5-10s"": 0.6, ""10-30s"": 0.5521, ""30-60s"": 0.6875, "">60s"": 0.8914}","{""methane"": 0.4555, ""CO"": 0.5244, ""worst"": 0.4555}"
generic,connectome,standard,2,100,5104,300871,13,0.1836,91.9,0.97833,0.94211,0.9806,0.62644,0.875,0.7931,0.76724,0.80352,0.9248,0.92944,0.4208,0.88401,638,464,0.98197,0.86961,0.88937,0.62644,0.95012,0.64224,0.61135,0.7579,0.91874,0.94597,4e-05,0.86015,1566,1392,"{""pre"": 0.1318, ""0-5s"": 0.5417, ""5-10s"": 0.44, ""10-30s"": 0.5417, ""30-60s"": 0.7222, "">60s"": 0.8497}","{""methane"": 0.967, ""CO"": 0.8118, ""worst"": 0.8118}"
generic,random,standard,0,5,255,300871,20,0.2635,12.8,0.97588,0.93791,0.86853,0.83333,0.93287,0.7694,0.71336,0.85093,0.89955,0.92995,0.26549,0.85893,638,464,0.97912,0.84892,0.72055,0.83333,0.9719,0.64296,0.59411,0.77694,0.82756,0.94562,0.00049,0.73308,1566,1392,"{""pre"": 0.5113, ""0-5s"": 0.625, ""5-10s"": 0.28, ""10-30s"": 0.5, ""30-60s"": 0.6528, "">60s"": 0.7222}","{""methane"": 0.7629, ""CO"": 0.6782, ""worst"": 0.6782}"
generic,spectrum,standard,0,10,510,12284990,6,1.0,3.0,0.67547,0.3135,0.46336,0.0,0.5527,0.09052,0.05603,0.23168,0.5041,0.84211,0.01495,0.33699,638,464,0.87142,0.39094,0.64009,0.0,0.83662,0.07399,0.07328,0.32004,0.72527,0.94118,0.00067,0.56897,1566,1392,"{""pre"": 0.0, ""0-5s"": 0.0, ""5-10s"": 0.0, ""10-30s"": 0.0104, ""30-60s"": 0.0903, "">60s"": 0.1124}","{""methane"": 0.6997, ""CO"": 0.5805, ""worst"": 0.5805}"
generic,dense,standard,0,25,1276,12284990,30,0.6463,30.1,0.90124,0.74723,1.0,0.0,0.72727,0.55819,0.3944,0.5,0.84211,0.85255,0.51122,0.72727,638,464,0.93362,0.61143,1.0,0.0,0.88889,0.3592,0.20259,0.5,0.94118,0.94118,0.51109,0.88889,1566,1392,"{""pre"": 0.0, ""0-5s"": 0.0, ""5-10s"": 0.0, ""10-30s"": 0.1458, ""30-60s"": 0.3611, "">60s"": 0.548}","{""methane"": 1.0, ""CO"": 1.0, ""worst"": 1.0}"
bio,adapter_only,standard,0,50,2552,502,30,0.3083,0.9,0.95812,0.89531,0.6681,0.87356,0.93373,0.64224,0.57112,0.77083,0.77889,0.92108,0.27227,0.72414,638,464,0.97424,0.83145,0.54454,0.87356,0.97179,0.49497,0.39152,0.70905,0.69797,0.94318,0.01278,0.5811,1566,1392,"{""pre"": 0.0, ""0-5s"": 0.0, ""5-10s"": 0.12, ""10-30s"": 0.3646, ""30-60s"": 0.4931, "">60s"": 0.7323}","{""methane"": 0.5819, ""CO"": 0.5072, ""worst"": 0.5072}"
bio,connectome,standard,1,50,2552,263508,13,0.1944,46.5,0.96635,0.91542,0.96552,0.64943,0.88016,0.66595,0.64871,0.80747,0.92086,0.92543,0.42698,0.87931,638,464,0.985,0.89355,0.90589,0.64943,0.95386,0.64799,0.60489,0.77766,0.92926,0.9576,0.00141,0.87739,1566,1392,"{""pre"": 0.2347, ""0-5s"": 0.5833, ""5-10s"": 0.32, ""10-30s"": 0.5625, ""30-60s"": 0.7014, "">60s"": 0.8232}","{""methane"": 0.9454, ""CO"": 0.8664, ""worst"": 0.8664}"
bio,connectome,graded_ln,1,100,5104,263508,16,0.1944,113.3,0.97516,0.9345,0.90733,0.72989,0.89957,0.76078,0.70905,0.81861,0.90343,0.92507,0.23237,0.85893,638,464,0.98482,0.89016,0.81968,0.72989,0.96044,0.66954,0.63649,0.77478,0.8845,0.95793,0.00836,0.80971,1566,1392,"{""pre"": 0.2347, ""0-5s"": 0.625, ""5-10s"": 0.36, ""10-30s"": 0.5938, ""30-60s"": 0.75, "">60s"": 0.846}","{""methane"": 0.8606, ""CO"": 0.7787, ""worst"": 0.7787}"
bio,degree,standard,2,5,255,263508,24,0.3101,15.6,0.97377,0.92598,0.84698,0.82759,0.92908,0.78448,0.73491,0.83728,0.88613,0.90385,0.47494,0.84169,638,464,0.98787,0.9086,0.79239,0.83333,0.97438,0.7342,0.69109,0.81286,0.87401,0.9505,0.00572,0.79693,1566,1392,"{""pre"": 0.4084, ""0-5s"": 0.625, ""5-10s"": 0.44, ""10-30s"": 0.5833, ""30-60s"": 0.7639, "">60s"": 0.8876}","{""methane"": 0.7701, ""CO"": 0.8147, ""worst"": 0.7701}"
bio,degree,graded_ln,2,10,510,263508,24,0.2235,24.0,0.96894,0.91797,0.84267,0.73563,0.89474,0.73276,0.71552,0.78915,0.86792,0.90947,0.32928,0.81348,638,464,0.97966,0.85767,0.71911,0.73563,0.95606,0.61853,0.57256,0.72737,0.82083,0.95215,0.0133,0.72095,1566,1392,"{""pre"": 0.2219, ""0-5s"": 0.625, ""5-10s"": 0.36, ""10-30s"": 0.5417, ""30-60s"": 0.6875, "">60s"": 0.779}","{""methane"": 0.7486, ""CO"": 0.6897, ""worst"": 0.6897}"
bio,random,standard,2,25,1276,263508,22,0.198,44.6,0.96405,0.90862,0.90948,0.68391,0.8847,0.69181,0.64224,0.7967,0.89692,0.92261,0.26221,0.84796,638,464,0.97905,0.85451,0.80244,0.68391,0.95307,0.60057,0.56178,0.74318,0.87129,0.95205,0.00222,0.78927,1566,1392,"{""pre"": 0.09, ""0-5s"": 0.625, ""5-10s"": 0.4, ""10-30s"": 0.5208, ""30-60s"": 0.6944, "">60s"": 0.7992}","{""methane"": 0.852, ""CO"": 0.7529, ""worst"": 0.7529}"
bio,spectrum,standard,2,50,2552,12247627,17,0.3937,36.2,0.98154,0.95074,0.96121,0.68966,0.892,0.79741,0.77586,0.82543,0.92531,0.92894,0.48888,0.88715,638,464,0.98119,0.86977,0.80101,0.68966,0.95381,0.60632,0.56968,0.74533,0.87075,0.96106,0.21859,0.78863,1566,1392,"{""pre"": 0.3859, ""0-5s"": 0.75, ""5-10s"": 0.44, ""10-30s"": 0.5312, ""30-60s"": 0.6458, "">60s"": 0.6957}","{""methane"": 0.7328, ""CO"": 0.8693, ""worst"": 0.7328}"
bio,dense,standard,2,100,5104,12247627,22,0.2894,95.8,0.9608,0.89494,0.63362,0.99425,0.99661,0.69828,0.63578,0.81394,0.7747,0.91296,0.46795,0.73197,638,464,0.98583,0.89979,0.57902,0.99425,0.99876,0.6329,0.5819,0.78664,0.73306,0.95682,0.01346,0.62516,1566,1392,"{""pre"": 0.119, ""0-5s"": 0.125, ""5-10s"": 0.12, ""10-30s"": 0.4896, ""30-60s"": 0.6181, "">60s"": 0.8864}","{""methane"": 0.5661, ""CO"": 0.592, ""worst"": 0.5661}"
generic,degree,standard,0,5,255,300871,11,0.4491,7.0,0.91521,0.78941,0.79095,0.60345,0.84174,0.51724,0.41595,0.6972,0.81556,0.87001,0.05642,0.73981,638,464,0.95094,0.70247,0.62356,0.60345,0.92636,0.36351,0.3125,0.61351,0.74538,0.94118,1e-05,0.62133,1566,1392,"{""pre"": 0.6174, ""0-5s"": 0.4167, ""5-10s"": 0.12, ""10-30s"": 0.2083, ""30-60s"": 0.2431, "">60s"": 0.3106}","{""methane"": 0.6279, ""CO"": 0.6193, ""worst"": 0.6193}"
generic,random,standard,0,10,510,300871,20,0.2103,19.4,0.98744,0.96792,0.94612,0.81609,0.93206,0.86638,0.79526,0.88111,0.93904,0.94813,0.41621,0.91066,638,464,0.98676,0.90414,0.78736,0.81609,0.97163,0.70474,0.65158,0.80172,0.86984,0.95883,0.03852,0.79055,1566,1392,"{""pre"": 0.582, ""0-5s"": 0.5833, ""5-10s"": 0.32, ""10-30s"": 0.5521, ""30-60s"": 0.6875, "">60s"": 0.7904}","{""methane"": 0.7687, ""CO"": 0.806, ""worst"": 0.7687}"
generic,spectrum,standard,0,25,1276,12284990,6,1.0,6.4,0.83838,0.65945,0.56897,0.77011,0.86842,0.22414,0.2069,0.66954,0.6875,0.8585,0.01424,0.62382,638,464,0.87361,0.42969,0.26293,0.77011,0.90148,0.09986,0.04454,0.51652,0.40712,0.94118,0.01238,0.31928,1566,1392,"{""pre"": 0.0, ""0-5s"": 0.0, ""5-10s"": 0.0, ""10-30s"": 0.0625, ""30-60s"": 0.1389, "">60s"": 0.1427}","{""methane"": 0.3261, ""CO"": 0.1997, ""worst"": 0.1997}"
generic,dense,standard,0,50,2552,12284990,30,0.5624,58.8,0.93635,0.8199,1.0,0.0,0.72727,0.63793,0.6056,0.5,0.84211,0.84672,0.54955,0.72727,638,464,0.96457,0.77114,1.0,0.0,0.88889,0.44109,0.39224,0.5,0.94118,0.94401,0.54964,0.88889,1566,1392,"{""pre"": 0.0032, ""0-5s"": 0.0, ""5-10s"": 0.0, ""10-30s"": 0.2188, ""30-60s"": 0.3889, "">60s"": 0.6768}","{""methane"": 1.0, ""CO"": 1.0, ""worst"": 1.0}"
bio,adapter_only,standard,0,100,5104,502,30,0.245,1.7,0.94704,0.87329,0.71983,0.81034,0.91008,0.54741,0.48922,0.76509,0.80385,0.91617,0.1686,0.74451,638,464,0.96537,0.7948,0.59698,0.81034,0.96181,0.35057,0.27299,0.70366,0.7367,0.94465,0.00057,0.62069,1566,1392,"{""pre"": 0.0, ""0-5s"": 0.0, ""5-10s"": 0.0, ""10-30s"": 0.1562, ""30-60s"": 0.3125, "">60s"": 0.5404}","{""methane"": 0.6595, ""CO"": 0.5345, ""worst"": 0.5345}"
bio,connectome,standard,1,100,5104,263508,16,0.1987,121.3,0.9727,0.92949,0.90086,0.73563,0.90086,0.71767,0.69181,0.81825,0.90086,0.92688,0.17356,0.8558,638,464,0.98831,0.91488,0.89009,0.73563,0.9642,0.68606,0.66092,0.81286,0.92566,0.9594,0.06714,0.87292,1566,1392,"{""pre"": 0.1608, ""0-5s"": 0.7083, ""5-10s"": 0.48, ""10-30s"": 0.625, ""30-60s"": 0.7639, "">60s"": 0.8914}","{""methane"": 0.9124, ""CO"": 0.8678, ""worst"": 0.8678}"
bio,connectome,graded_ln,2,5,255,263508,22,0.2495,15.4,0.96938,0.92111,0.94181,0.63218,0.87226,0.71983,0.67241,0.787,0.9057,0.91395,0.15394,0.85737,638,464,0.97961,0.86333,0.86853,0.63218,0.94973,0.56106,0.50359,0.75036,0.90732,0.95625,0.10988,0.84227,1566,1392,"{""pre"": 0.3248, ""0-5s"": 0.4167, ""5-10s"": 0.36, ""10-30s"": 0.4792, ""30-60s"": 0.6111, "">60s"": 0.6654}","{""methane"": 0.8721, ""CO"": 0.8649, ""worst"": 0.8649}"
bio,degree,standard,2,10,510,263508,17,0.2452,18.0,0.9619,0.89857,0.95905,0.51724,0.84121,0.69612,0.69181,0.73815,0.89627,0.9,0.45776,0.83856,638,464,0.97486,0.82713,0.85991,0.51724,0.93443,0.57184,0.55388,0.68858,0.89562,0.95125,0.01421,0.82184,1566,1392,"{""pre"": 0.1576, ""0-5s"": 0.5833, ""5-10s"": 0.36, ""10-30s"": 0.4896, ""30-60s"": 0.6389, "">60s"": 0.7386}","{""methane"": 0.875, ""CO"": 0.8448, ""worst"": 0.8448}"
bio,degree,graded_ln,2,25,1276,263508,30,0.2083,65.2,0.96119,0.90138,0.95043,0.62069,0.86982,0.66595,0.63362,0.78556,0.90834,0.91405,0.40789,0.8605,638,464,0.97911,0.85486,0.85632,0.62069,0.94754,0.59267,0.56537,0.73851,0.89962,0.95264,0.00108,0.83014,1566,1392,"{""pre"": 0.0868, ""0-5s"": 0.625, ""5-10s"": 0.36, ""10-30s"": 0.5208, ""30-60s"": 0.6944, "">60s"": 0.7879}","{""methane"": 0.9224, ""CO"": 0.7902, ""worst"": 0.7902}"
bio,random,standard,2,50,2552,263508,15,0.1857,59.8,0.96791,0.91705,0.88362,0.72414,0.8952,0.70259,0.66164,0.80388,0.88937,0.92004,0.35691,0.84013,638,464,0.98365,0.88459,0.82902,0.72414,0.96007,0.62572,0.59842,0.77658,0.88975,0.95467,0.07002,0.81737,1566,1392,"{""pre"": 0.1576, ""0-5s"": 0.5417, ""5-10s"": 0.32, ""10-30s"": 0.5104, ""30-60s"": 0.6806, "">60s"": 0.8258}","{""methane"": 0.8549, ""CO"": 0.8032, ""worst"": 0.8032}"
bio,spectrum,standard,2,100,5104,12247627,14,0.6317,54.8,0.88194,0.60118,1.0,0.0,0.72727,0.08621,0.08621,0.5,0.84211,0.90966,0.52077,0.72727,638,464,0.95189,0.56688,1.0,0.0,0.88889,0.02371,0.02371,0.5,0.94118,0.94948,0.52077,0.88889,1566,1392,"{""pre"": 0.0, ""0-5s"": 0.0, ""5-10s"": 0.0, ""10-30s"": 0.0312, ""30-60s"": 0.0486, "">60s"": 0.029}","{""methane"": 1.0, ""CO"": 1.0, ""worst"": 1.0}"
generic,connectome,standard,0,5,255,300871,30,0.2121,20.4,0.97426,0.9331,0.85991,0.79885,0.91935,0.78233,0.68966,0.82938,0.88864,0.92634,0.10646,0.84326,638,464,0.98445,0.885,0.79741,0.79885,0.96943,0.69468,0.65302,0.79813,0.87505,0.94397,0.00043,0.79757,1566,1392,"{""pre"": 0.6174, ""0-5s"": 0.7083, ""5-10s"": 0.44, ""10-30s"": 0.5625, ""30-60s"": 0.6528, "">60s"": 0.7563}","{""methane"": 0.8147, ""CO"": 0.7802, ""worst"": 0.7802}"
generic,degree,standard,0,10,510,300871,27,0.192,27.9,0.98314,0.95614,0.97198,0.68391,0.8913,0.82974,0.76724,0.82795,0.9299,0.9332,0.44197,0.89342,638,464,0.98716,0.90696,0.87428,0.68391,0.95676,0.70115,0.65805,0.77909,0.91366,0.96348,0.03891,0.85313,1566,1392,"{""pre"": 0.5981, ""0-5s"": 0.6667, ""5-10s"": 0.4, ""10-30s"": 0.5417, ""30-60s"": 0.6597, "">60s"": 0.779}","{""methane"": 0.9052, ""CO"": 0.8434, ""worst"": 0.8434}"
generic,random,standard,0,25,1276,300871,21,0.1945,44.3,0.98646,0.96451,0.99138,0.67816,0.89147,0.87069,0.82328,0.83477,0.93878,0.93986,0.4916,0.90596,638,464,0.9868,0.90212,0.88147,0.67816,0.95635,0.73563,0.68534,0.77981,0.91738,0.95087,0.01256,0.85888,1566,1392,"{""pre"": 0.6624, ""0-5s"": 0.6667, ""5-10s"": 0.32, ""10-30s"": 0.5938, ""30-60s"": 0.7292, "">60s"": 0.798}","{""methane"": 0.931, ""CO"": 0.8319, ""worst"": 0.8319}"
generic,spectrum,standard,0,50,2552,12284990,16,0.3759,35.1,0.91799,0.81056,0.91595,0.45977,0.81888,0.42888,0.37931,0.68786,0.8647,0.87789,0.57032,0.79154,638,464,0.93846,0.66992,0.75431,0.45977,0.91783,0.21552,0.16595,0.60704,0.82808,0.94997,0.06186,0.72158,1566,1392,"{""pre"": 0.0064, ""0-5s"": 0.0833, ""5-10s"": 0.12, ""10-30s"": 0.1771, ""30-60s"": 0.2361, "">60s"": 0.3056}","{""methane"": 0.8736, ""CO"": 0.6351, ""worst"": 0.6351}"
generic,dense,standard,0,100,5104,12284990,19,0.5084,72.3,0.92726,0.80086,0.5,1.0,1.0,0.59267,0.57543,0.75,0.66667,0.85046,0.45695,0.63636,638,464,0.95756,0.73082,0.39583,1.0,1.0,0.42241,0.41882,0.69792,0.56716,0.94511,0.45693,0.46296,1566,1392,"{""pre"": 0.0, ""0-5s"": 0.0417, ""5-10s"": 0.0, ""10-30s"": 0.1875, ""30-60s"": 0.4028, "">60s"": 0.6452}","{""methane"": 0.3276, ""CO"": 0.4641, ""worst"": 0.3276}"
bio,adapter_only,standard,1,5,255,502,30,0.5739,0.1,0.89839,0.7377,0.5625,0.77586,0.87,0.48491,0.41595,0.66918,0.68325,0.84982,0.29947,0.62069,638,464,0.94476,0.66868,0.45115,0.77586,0.94153,0.34698,0.28017,0.61351,0.61,0.94309,0.29088,0.48723,1566,1392,"{""pre"": 0.0, ""0-5s"": 0.0, ""5-10s"": 0.0, ""10-30s"": 0.1771, ""30-60s"": 0.375, "">60s"": 0.5202}","{""methane"": 0.4339, ""CO"": 0.4684, ""worst"": 0.4339}"
